oursId,oursName,oursSource,theirsId,theirsName,matchBasis,conclusion,suggestedAction,oursQuality,theirsQuality,oursWidth,theirsWidth,oursHeight,theirsHeight,oursCells,theirsCells,oursShape,theirsShape,oursImageRel,oursImageExists,oursLoadedByRuntime,packageHasCatalog065,sourceCardPath,sourceCardExists,solverHasName
image1-0-0,方盒随身听,catalog_065.source,image1-0-0,方盒随身听,same_id_and_normalized_name,已由其他清单补齐，并非缺项,catalog_065 已有同 ID 同名项，无需按对方 220 计数补件,white,white,2,2,3,3,6,6,1100011000110000000000000,1100011000110000000000000,assets/items/reference_crops_v1/image1-0-0.png,True,False,True,assets/items/catalog_screenshots/2X3/{E2B97A18-0919-4B0C-9C04-6D8C2BF9F692}.png,True,True
image1-0-1,起司,catalog_065.source,image1-0-1,起司,same_id_and_normalized_name,已由其他清单补齐，并非缺项,catalog_065 已有同 ID 同名项，无需按对方 220 计数补件,white,white,2,2,2,2,4,4,1100011000000000000000000,1100011000000000000000000,assets/items/reference_crops_v1/image1-0-1.png,True,False,True,assets/items/catalog_screenshots/2X2/{DFB6F983-7A0D-41C6-AB47-6C150B5F7770}.png,True,True
image1-0-2,澄蓝之贝,catalog_065.source,image1-0-2,澄蓝之贝,same_id_and_normalized_name,已由其他清单补齐，并非缺项,catalog_065 已有同 ID 同名项，无需按对方 220 计数补件,white,white,2,2,2,2,4,4,1100011000000000000000000,1100011000000000000000000,assets/items/reference_crops_v1/image1-0-2.png,True,False,True,assets/items/catalog_screenshots/2X2/{DDEC982D-9536-4205-837F-B1BF79E86325}.png,True,True
image1-1-0,蟑螂！蟑螂！,catalog_065.source,image1-1-0,蟑螂！蟑螂！,same_id_and_normalized_name,已由其他清单补齐，并非缺项,catalog_065 已有同 ID 同名项，无需按对方 220 计数补件,white,white,2,2,2,2,4,4,1100011000000000000000000,1100011000000000000000000,assets/items/reference_crops_v1/image1-1-0.png,True,False,True,assets/items/catalog_screenshots/2X2/{DDEC982D-9536-4205-837F-B1BF79E86325}.png,True,True
image1-1-1,极点,catalog_065.source,image1-1-1,极点,same_id_and_normalized_name,已由其他清单补齐，并非缺项,catalog_065 已有同 ID 同名项，无需按对方 220 计数补件,white,white,2,2,2,2,4,4,1100011000000000000000000,1100011000000000000000000,assets/items/reference_crops_v1/image1-1-1.png,True,False,True,assets/items/catalog_screenshots/2X2/{DDEC982D-9536-4205-837F-B1BF79E86325}.png,True,True
image1-1-2,艺术画「花原」,catalog_065.source,image1-1-2,艺术画「花原」,same_id_and_normalized_name,已由其他清单补齐，并非缺项,catalog_065 已有同 ID 同名项，无需按对方 220 计数补件,white,white,1,1,2,2,2,2,1000010000000000000000000,1000010000000000000000000,assets/items/reference_crops_v1/image1-1-2.png,True,False,True,assets/items/catalog_screenshots/1X2/{39EB6D1F-C312-4C1E-A622-BFADD00F264F}.png,True,True
image2-0-0,艺术画「解构」,catalog_065.source,image2-0-0,艺术画「解构」,same_id_and_normalized_name,已由其他清单补齐，并非缺项,catalog_065 已有同 ID 同名项，无需按对方 220 计数补件,white,white,1,1,2,2,2,2,1000010000000000000000000,1000010000000000000000000,assets/items/reference_crops_v1/image2-0-0.png,True,False,True,assets/items/catalog_screenshots/1X2/9487de4e0574c0180b07aa40c03fb752.png,True,True
image2-0-1,床单,catalog_065.source,image2-0-1,床单,same_id_and_normalized_name,已由其他清单补齐，并非缺项,catalog_065 已有同 ID 同名项，无需按对方 220 计数补件,white,white,1,1,3,3,3,3,1000010000100000000000000,1000010000100000000000000,assets/items/reference_crops_v1/image2-0-1.png,True,False,True,assets/items/catalog_screenshots/1X3/{E753CDED-D332-4B7C-B656-31857B578572}.png,True,True
image2-0-2,纸牌,catalog_065.source,image2-0-2,纸牌,same_id_and_normalized_name,已由其他清单补齐，并非缺项,catalog_065 已有同 ID 同名项，无需按对方 220 计数补件,white,white,1,1,2,2,2,2,1000010000000000000000000,1000010000000000000000000,assets/items/reference_crops_v1/image2-0-2.png,True,False,True,assets/items/catalog_screenshots/1X2/9487de4e0574c0180b07aa40c03fb752.png,True,True
image2-1-0,生鸡蛋,catalog_065.source,image2-1-0,生鸡蛋,same_id_and_normalized_name,已由其他清单补齐，并非缺项,catalog_065 已有同 ID 同名项，无需按对方 220 计数补件,white,white,1,1,2,2,2,2,1000010000000000000000000,1000010000000000000000000,assets/items/reference_crops_v1/image2-1-0.png,True,False,True,assets/items/catalog_screenshots/1X2/9487de4e0574c0180b07aa40c03fb752.png,True,True
image2-1-1,磨刀石,catalog_065.source,image2-1-1,锻刀石,same_id_different_name,属性冲突，待源卡裁定,同 ID 不同名，不能当成同一藏品；以用户源卡核名，不以对方 JSON 覆盖,white,white,2,2,1,1,2,2,1100000000000000000000000,1100000000000000000000000,assets/items/reference_crops_v1/image2-1-1.png,True,False,True,assets/items/catalog_screenshots/2X1/{48710325-8642-4753-AAFD-302E079D2B93}.png,True,True
image2-1-2,花雕碗,catalog_065.source,image2-1-2,花雕碗,same_id_and_normalized_name,已由其他清单补齐，并非缺项,catalog_065 已有同 ID 同名项，无需按对方 220 计数补件,white,white,1,1,1,1,1,1,1000000000000000000000000,1000000000000000000000000,assets/items/reference_crops_v1/image2-1-2.png,True,False,True,assets/items/catalog_screenshots/1x1/{47545E5E-FC05-4F45-857E-A459326990CC}.png,True,True
image3-0-0,扫晴微尘,catalog_065.source,image3-0-0,扫晴微尘,same_id_and_normalized_name,已由其他清单补齐，并非缺项,catalog_065 已有同 ID 同名项，无需按对方 220 计数补件,white,white,1,1,1,1,1,1,1000000000000000000000000,1000000000000000000000000,assets/items/reference_crops_v1/image3-0-0.png,True,False,True,assets/items/catalog_screenshots/1x1/{47545E5E-FC05-4F45-857E-A459326990CC}.png,True,True
image3-0-1,绵绵云,catalog_065.source,image3-0-1,绵绵云,same_id_and_normalized_name,已由其他清单补齐，并非缺项,catalog_065 已有同 ID 同名项，无需按对方 220 计数补件,white,white,1,1,1,1,1,1,1000000000000000000000000,1000000000000000000000000,assets/items/reference_crops_v1/image3-0-1.png,True,False,True,assets/items/catalog_screenshots/1x1/{47545E5E-FC05-4F45-857E-A459326990CC}.png,True,True
image3-0-2,酷辣辣辣条,catalog_065.source,image3-0-2,酷辣辣辣条,same_id_and_normalized_name,已由其他清单补齐，并非缺项,catalog_065 已有同 ID 同名项，无需按对方 220 计数补件,white,white,1,1,1,1,1,1,1000000000000000000000000,1000000000000000000000000,assets/items/reference_crops_v1/image3-0-2.png,True,False,True,assets/items/catalog_screenshots/1X2/{343D8F72-4689-4286-AFFD-80CEC2496DC7}.png,True,True
image3-1-0,崭新的弹珠,catalog_065.source,image3-1-0,崭新的弹珠,same_id_and_normalized_name,已由其他清单补齐，并非缺项,catalog_065 已有同 ID 同名项，无需按对方 220 计数补件,white,white,1,1,1,1,1,1,1000000000000000000000000,1000000000000000000000000,assets/items/reference_crops_v1/image3-1-0.png,True,False,True,assets/items/catalog_screenshots/1x1/{F65172DF-A42B-433D-A395-E648C0D920E1}.png,True,True
image3-1-1,布妮果实,catalog_065.source,image3-1-1,布妮果实,same_id_and_normalized_name,已由其他清单补齐，并非缺项,catalog_065 已有同 ID 同名项，无需按对方 220 计数补件,white,white,1,1,1,1,1,1,1000000000000000000000000,1000000000000000000000000,assets/items/reference_crops_v1/image3-1-1.png,True,False,True,assets/items/catalog_screenshots/1x1/{F65172DF-A42B-433D-A395-E648C0D920E1}.png,True,True
image3-1-2,劲爽「冰川」,catalog_065.source,image3-1-2,劲爽「冰川」,same_id_and_normalized_name,已由其他清单补齐，并非缺项,catalog_065 已有同 ID 同名项，无需按对方 220 计数补件,white,white,1,1,1,1,1,1,1000000000000000000000000,1000000000000000000000000,assets/items/reference_crops_v1/image3-1-2.png,True,False,True,assets/items/catalog_screenshots/1x1/{F65172DF-A42B-433D-A395-E648C0D920E1}.png,True,True
image4-0-0,咕比奇原味薯片,catalog_065.source,image4-0-0,咕比奇原味薯片,same_id_and_normalized_name,已由其他清单补齐，并非缺项,catalog_065 已有同 ID 同名项，无需按对方 220 计数补件,white,white,1,1,1,1,1,1,1000000000000000000000000,1000000000000000000000000,assets/items/reference_crops_v1/image4-0-0.png,True,False,True,assets/items/catalog_screenshots/1x1/{F65172DF-A42B-433D-A395-E648C0D920E1}.png,True,True
image4-0-1,绿林,catalog_065.source,image4-0-1,绿林,same_id_and_normalized_name,已由其他清单补齐，并非缺项,catalog_065 已有同 ID 同名项，无需按对方 220 计数补件,white,white,1,1,1,1,1,1,1000000000000000000000000,1000000000000000000000000,assets/items/reference_crops_v1/image4-0-1.png,True,False,True,assets/items/catalog_screenshots/1x1/{F65172DF-A42B-433D-A395-E648C0D920E1}.png,True,True
image5-0-0,M1000模型,catalog_065.source,image5-0-0,M1000模型,same_id_and_normalized_name,属性冲突，待源卡裁定,用用户源卡核对宽高/Cells/Shape，不以对方 catalog 覆盖,green,green,4,4,3,4,12,12,1111011110111100000000000,1111011110111100000000000,assets/items/reference_crops_v1/image5-0-0.png,True,False,True,assets/items/catalog_screenshots/4X4/{A56C0E29-265B-49E6-9060-91691585BA0A}.png,True,True
image5-0-1,黛绿花瓶,catalog_065.source,image5-0-1,黛绿花瓶,same_id_and_normalized_name,已由其他清单补齐，并非缺项,catalog_065 已有同 ID 同名项，无需按对方 220 计数补件,green,green,2,2,3,3,6,6,1100011000110000000000000,1100011000110000000000000,assets/items/reference_crops_v1/image5-0-1.png,True,False,True,assets/items/catalog_screenshots/2X3/{E2B97A18-0919-4B0C-9C04-6D8C2BF9F692}.png,True,True
image5-0-2,新口味上市！,catalog_065.source,image5-0-2,新口味上市！,same_id_and_normalized_name,已由其他清单补齐，并非缺项,catalog_065 已有同 ID 同名项，无需按对方 220 计数补件,green,green,3,3,3,3,9,9,1110011100111000000000000,1110011100111000000000000,assets/items/reference_crops_v1/image5-0-2.png,True,False,True,assets/items/catalog_screenshots/3X3/{E16EEBF5-DDE4-48DC-B4B5-A7862E8D5FA5}.png,True,True
image5-1-0,炫动三角铁,catalog_065.source,image5-1-0,炫动三角铁,same_id_and_normalized_name,已由其他清单补齐，并非缺项,catalog_065 已有同 ID 同名项，无需按对方 220 计数补件,green,green,3,3,1,1,3,3,1110000000000000000000000,1110000000000000000000000,assets/items/reference_crops_v1/image5-1-0.png,True,False,True,assets/items/catalog_screenshots/3X1/{D344DCA6-157C-48CC-A884-0A5246CC4FFB}.png,True,True
image5-1-1,「莲-C198」唱片机,catalog_065.source,image5-1-1,「莲-C198」唱片机,same_id_and_normalized_name,已由其他清单补齐，并非缺项,catalog_065 已有同 ID 同名项，无需按对方 220 计数补件,green,green,2,2,2,2,4,4,1100011000000000000000000,1100011000000000000000000,assets/items/reference_crops_v1/image5-1-1.png,True,False,True,assets/items/catalog_screenshots/2X2/{DFB6F983-7A0D-41C6-AB47-6C150B5F7770}.png,True,True
image5-1-2,「烘焙伴侣」抹茶粉,catalog_065.source,image5-1-2,「烘焙伴侣」抹茶粉,same_id_and_normalized_name,已由其他清单补齐，并非缺项,catalog_065 已有同 ID 同名项，无需按对方 220 计数补件,green,green,1,1,2,2,2,2,1000010000000000000000000,1000010000000000000000000,assets/items/reference_crops_v1/image5-1-2.png,True,False,True,assets/items/catalog_screenshots/1X2/{F1E0B7B4-D27E-4BF5-A471-40C0FDDDAFE6}.png,True,True
image6-0-0,团三郎玩偶,catalog_065.source,image6-0-0,团三郎玩偶,same_id_and_normalized_name,已由其他清单补齐，并非缺项,catalog_065 已有同 ID 同名项，无需按对方 220 计数补件,green,green,1,1,2,2,2,2,1000010000000000000000000,1000010000000000000000000,assets/items/reference_crops_v1/image6-0-0.png,True,False,True,assets/items/catalog_screenshots/1X2/{F1E0B7B4-D27E-4BF5-A471-40C0FDDDAFE6}.png,True,True
image6-0-1,游戏机,catalog_065.source,image6-0-1,游戏机,same_id_and_normalized_name,已由其他清单补齐，并非缺项,catalog_065 已有同 ID 同名项，无需按对方 220 计数补件,green,green,2,2,1,1,2,2,1100000000000000000000000,1100000000000000000000000,assets/items/reference_crops_v1/image6-0-1.png,True,False,True,assets/items/catalog_screenshots/2X1/{E065324C-AC60-41CF-B56A-8043A3B76C53}.png,True,True
image6-0-2,巡弋轮滑,catalog_065.source,image6-0-2,巡弋轮滑,same_id_and_normalized_name,已由其他清单补齐，并非缺项,catalog_065 已有同 ID 同名项，无需按对方 220 计数补件,green,green,2,2,1,1,2,2,1100000000000000000000000,1100000000000000000000000,assets/items/reference_crops_v1/image6-0-2.png,True,False,True,assets/items/catalog_screenshots/2X1/{E065324C-AC60-41CF-B56A-8043A3B76C53}.png,True,True
image6-1-0,多彩暴龙,catalog_065.source,image6-1-0,多彩暴龙,same_id_and_normalized_name,已由其他清单补齐，并非缺项,catalog_065 已有同 ID 同名项，无需按对方 220 计数补件,green,green,2,2,1,1,2,2,1100000000000000000000000,1100000000000000000000000,assets/items/reference_crops_v1/image6-1-0.png,True,False,True,assets/items/catalog_screenshots/2X1/{E065324C-AC60-41CF-B56A-8043A3B76C53}.png,True,True
image6-1-1,断线之筝,catalog_065.source,image6-1-1,断线之筝,same_id_and_normalized_name,已由其他清单补齐，并非缺项,catalog_065 已有同 ID 同名项，无需按对方 220 计数补件,green,green,1,1,2,2,2,2,1000010000000000000000000,1000010000000000000000000,assets/items/reference_crops_v1/image6-1-1.png,True,False,True,assets/items/catalog_screenshots/1X2/{F1E0B7B4-D27E-4BF5-A471-40C0FDDDAFE6}.png,True,True
image6-1-2,斑斓的一尾,catalog_065.source,image6-1-2,斑斓的一尾,same_id_and_normalized_name,属性冲突，待源卡裁定,用用户源卡核对宽高/Cells/Shape，不以对方 catalog 覆盖,green,green,3,2,1,1,3,2,1110000000000000000000000,1100000000000000000000000,assets/items/reference_crops_v1/image6-1-2.png,True,False,True,assets/items/catalog_screenshots/2X1/{E065324C-AC60-41CF-B56A-8043A3B76C53}.png,True,True
image7-0-0,惠比寿宫廷小塔,catalog_065.source,image7-0-0,惠比寿宫廷小塔,same_id_and_normalized_name,已由其他清单补齐，并非缺项,catalog_065 已有同 ID 同名项，无需按对方 220 计数补件,green,green,2,2,1,1,2,2,1100000000000000000000000,1100000000000000000000000,assets/items/reference_crops_v1/image7-0-0.png,True,False,True,assets/items/catalog_screenshots/2X1/{48710325-8642-4753-AAFD-302E079D2B93}.png,True,True
image7-0-1,轨道之心,catalog_065.source,image7-0-1,轨道之心,same_id_and_normalized_name,已由其他清单补齐，并非缺项,catalog_065 已有同 ID 同名项，无需按对方 220 计数补件,green,green,2,2,1,1,2,2,1100000000000000000000000,1100000000000000000000000,assets/items/reference_crops_v1/image7-0-1.png,True,False,True,assets/items/catalog_screenshots/2X1/{48710325-8642-4753-AAFD-302E079D2B93}.png,True,True
image7-0-2,千代家自酿生啤,catalog_065.source,image7-0-2,千代家自酿生啤,same_id_and_normalized_name,属性冲突，待源卡裁定,用用户源卡核对宽高/Cells/Shape，不以对方 catalog 覆盖,green,green,2,1,2,2,4,2,1100011000000000000000000,1000010000000000000000000,assets/items/reference_crops_v1/image7-0-2.png,True,False,True,assets/items/catalog_screenshots/1X2/{39EB6D1F-C312-4C1E-A622-BFADD00F264F}.png,True,True
image7-1-0,一挥即碎的锈刀,catalog_065.source,image7-1-0,一挥即碎的锈刀,same_id_and_normalized_name,已由其他清单补齐，并非缺项,catalog_065 已有同 ID 同名项，无需按对方 220 计数补件,green,green,1,1,2,2,2,2,1000010000000000000000000,1000010000000000000000000,assets/items/reference_crops_v1/image7-1-0.png,True,False,True,assets/items/catalog_screenshots/1X2/{39EB6D1F-C312-4C1E-A622-BFADD00F264F}.png,True,True
image7-1-1,吃薯片用洗指机,catalog_065.source,image7-1-1,吃薯片用洗指机,same_id_and_normalized_name,已由其他清单补齐，并非缺项,catalog_065 已有同 ID 同名项，无需按对方 220 计数补件,green,green,2,2,1,1,2,2,1100000000000000000000000,1100000000000000000000000,assets/items/reference_crops_v1/image7-1-1.png,True,False,True,assets/items/catalog_screenshots/2X1/{48710325-8642-4753-AAFD-302E079D2B93}.png,True,False
image7-1-2,梦中茧,catalog_065.source,image7-1-2,梦中茧,same_id_and_normalized_name,属性冲突，待源卡裁定,用用户源卡核对宽高/Cells/Shape，不以对方 catalog 覆盖,green,green,2,1,2,2,4,2,1100011000000000000000000,1000010000000000000000000,assets/items/reference_crops_v1/image7-1-2.png,True,False,True,assets/items/catalog_screenshots/1X2/{39EB6D1F-C312-4C1E-A622-BFADD00F264F}.png,True,False
image8-0-0,小小麻雀,catalog_065.source,image8-0-0,小小麻雀,same_id_and_normalized_name,已由其他清单补齐，并非缺项,catalog_065 已有同 ID 同名项，无需按对方 220 计数补件,green,green,1,1,2,2,2,2,1000010000000000000000000,1000010000000000000000000,assets/items/reference_crops_v1/image8-0-0.png,True,False,True,assets/items/catalog_screenshots/1X2/{39EB6D1F-C312-4C1E-A622-BFADD00F264F}.png,True,True
image8-0-1,墨染瓶,catalog_065.source,image8-0-1,墨染瓶,same_id_and_normalized_name,已由其他清单补齐，并非缺项,catalog_065 已有同 ID 同名项，无需按对方 220 计数补件,green,green,1,1,2,2,2,2,1000010000000000000000000,1000010000000000000000000,assets/items/reference_crops_v1/image8-0-1.png,True,False,True,assets/items/catalog_screenshots/1X2/{39EB6D1F-C312-4C1E-A622-BFADD00F264F}.png,True,True
image8-0-2,炭烤青花鱼,catalog_065.source,image8-0-2,炭烤青花鱼,same_id_and_normalized_name,已由其他清单补齐，并非缺项,catalog_065 已有同 ID 同名项，无需按对方 220 计数补件,green,green,2,2,1,1,2,2,1100000000000000000000000,1100000000000000000000000,assets/items/reference_crops_v1/image8-0-2.png,True,False,True,assets/items/catalog_screenshots/2X1/{48710325-8642-4753-AAFD-302E079D2B93}.png,True,True
image8-1-0,毛茸茸的肯定,catalog_065.source,image8-1-0,毛茸茸的肯定,same_id_and_normalized_name,已由其他清单补齐，并非缺项,catalog_065 已有同 ID 同名项，无需按对方 220 计数补件,green,green,1,1,1,1,1,1,1000000000000000000000000,1000000000000000000000000,assets/items/reference_crops_v1/image8-1-0.png,True,False,True,assets/items/catalog_screenshots/1x1/{9A13C48F-EF9F-4E97-80BF-F2DF347E15DD}.png,True,True
image8-1-1,金月,catalog_065.source,image8-1-1,金月,same_id_and_normalized_name,已由其他清单补齐，并非缺项,catalog_065 已有同 ID 同名项，无需按对方 220 计数补件,green,green,1,1,1,1,1,1,1000000000000000000000000,1000000000000000000000000,assets/items/reference_crops_v1/image8-1-1.png,True,False,True,assets/items/catalog_screenshots/1x1/{9A13C48F-EF9F-4E97-80BF-F2DF347E15DD}.png,True,True
image8-1-2,毛毛球,catalog_065.source,image8-1-2,毛毛球,same_id_and_normalized_name,条目存在，但缺有效视觉参考,补独立源卡裁图后再进入识别模板，不从对方 PNG 拷贝,green,green,1,1,1,1,1,1,1000000000000000000000000,1000000000000000000000000,assets/items/reference_crops_v1/image8-1-2.png,False,False,True,,False,True
image9-0-0,几何灯,catalog_065.source,image9-0-0,几何灯,same_id_and_normalized_name,已由其他清单补齐，并非缺项,catalog_065 已有同 ID 同名项，无需按对方 220 计数补件,green,green,1,1,1,1,1,1,1000000000000000000000000,1000000000000000000000000,assets/items/reference_crops_v1/image9-0-0.png,True,False,True,assets/items/catalog_screenshots/1x1/{9A13C48F-EF9F-4E97-80BF-F2DF347E15DD}.png,True,True
image9-0-1,炭火脆皮烤肉,catalog_065.source,image9-0-1,炭火脆皮烤肉,same_id_and_normalized_name,已由其他清单补齐，并非缺项,catalog_065 已有同 ID 同名项，无需按对方 220 计数补件,green,green,1,1,1,1,1,1,1000000000000000000000000,1000000000000000000000000,assets/items/reference_crops_v1/image9-0-1.png,True,False,True,assets/items/catalog_screenshots/1x1/{9A13C48F-EF9F-4E97-80BF-F2DF347E15DD}.png,True,True
image9-0-2,拍拍球,catalog_065.source,image9-0-2,拍拍球,same_id_and_normalized_name,已由其他清单补齐，并非缺项,catalog_065 已有同 ID 同名项，无需按对方 220 计数补件,green,green,1,1,1,1,1,1,1000000000000000000000000,1000000000000000000000000,assets/items/reference_crops_v1/image9-0-2.png,True,False,True,assets/items/catalog_screenshots/1x1/{9A13C48F-EF9F-4E97-80BF-F2DF347E15DD}.png,True,True
image9-1-0,肥皂,catalog_065.source,image9-1-0,肥皂,same_id_and_normalized_name,已由其他清单补齐，并非缺项,catalog_065 已有同 ID 同名项，无需按对方 220 计数补件,green,green,1,1,1,1,1,1,1000000000000000000000000,1000000000000000000000000,assets/items/reference_crops_v1/image9-1-0.png,True,False,True,assets/items/catalog_screenshots/1x1/{47545E5E-FC05-4F45-857E-A459326990CC}.png,True,True
image9-1-1,金色飞球,catalog_065.source,image9-1-1,金色飞球,same_id_and_normalized_name,已由其他清单补齐，并非缺项,catalog_065 已有同 ID 同名项，无需按对方 220 计数补件,green,green,1,1,1,1,1,1,1000000000000000000000000,1000000000000000000000000,assets/items/reference_crops_v1/image9-1-1.png,True,False,True,assets/items/catalog_screenshots/1x1/{47545E5E-FC05-4F45-857E-A459326990CC}.png,True,True
image9-1-2,鎏金盂,catalog_065.source,image9-1-2,鎏金盂,same_id_and_normalized_name,已由其他清单补齐，并非缺项,catalog_065 已有同 ID 同名项，无需按对方 220 计数补件,green,green,1,1,1,1,1,1,1000000000000000000000000,1000000000000000000000000,assets/items/reference_crops_v1/image9-1-2.png,True,False,True,assets/items/catalog_screenshots/1x1/{47545E5E-FC05-4F45-857E-A459326990CC}.png,True,False
image10-0-0,绝对是亲手钓的鱼,catalog_065.source,image10-0-0,绝对是亲手钓的鱼,same_id_and_normalized_name,已由其他清单补齐，并非缺项,catalog_065 已有同 ID 同名项，无需按对方 220 计数补件,blue,blue,5,5,5,5,25,25,1111111111111111111111111,1111111111111111111111111,assets/items/reference_crops_v1/image10-0-0.png,True,False,True,assets/items/catalog_screenshots/5X5/{5325ABB2-6E85-4169-9C65-98431204CBEE}.png,True,True
image10-0-1,「方盒科技」手机,catalog_065.source,image10-0-1,「方盒科技」手机,same_id_and_normalized_name,已由其他清单补齐，并非缺项,catalog_065 已有同 ID 同名项，无需按对方 220 计数补件,blue,blue,2,2,2,2,4,4,1100011000000000000000000,1100011000000000000000000,assets/items/reference_crops_v1/image10-0-1.png,True,False,True,assets/items/catalog_screenshots/2X2/{DFB6F983-7A0D-41C6-AB47-6C150B5F7770}.png,True,True
image10-0-2,液晶视屏,catalog_065.source,image10-0-2,液晶视屏,same_id_and_normalized_name,已由其他清单补齐，并非缺项,catalog_065 已有同 ID 同名项，无需按对方 220 计数补件,blue,blue,4,4,3,3,12,12,1111011110111100000000000,1111011110111100000000000,assets/items/reference_crops_v1/image10-0-2.png,True,False,True,assets/items/catalog_screenshots/4X3/{3B7415AC-3F8D-4DEE-B5F6-C48D50626046}.png,True,True
image10-1-0,艺术画「深林」,catalog_065.source,image10-1-0,艺术画「深林」,same_id_and_normalized_name,已由其他清单补齐，并非缺项,catalog_065 已有同 ID 同名项，无需按对方 220 计数补件,blue,blue,3,3,3,3,9,9,1110011100111000000000000,1110011100111000000000000,assets/items/reference_crops_v1/image10-1-0.png,True,False,True,assets/items/catalog_screenshots/3X3/{AF7A8555-2180-49BC-9395-F0DD5444F0EE}.png,True,True
image10-1-1,清晨的痛击,catalog_065.source,image10-1-1,清晨的痛击,same_id_and_normalized_name,已由其他清单补齐，并非缺项,catalog_065 已有同 ID 同名项，无需按对方 220 计数补件,blue,blue,2,2,3,3,6,6,1100011000110000000000000,1100011000110000000000000,assets/items/reference_crops_v1/image10-1-1.png,True,False,True,assets/items/catalog_screenshots/2X3/{5432C3CC-00E0-43D0-8461-DD6A7E64552D}.png,True,True
image10-1-2,引航者望远镜,catalog_065.source,image10-1-2,引航者望远镜,same_id_and_normalized_name,已由其他清单补齐，并非缺项,catalog_065 已有同 ID 同名项，无需按对方 220 计数补件,blue,blue,3,3,2,2,6,6,1110011100000000000000000,1110011100000000000000000,assets/items/reference_crops_v1/image10-1-2.png,True,False,True,assets/items/catalog_screenshots/3X2/{1C65BF0E-A101-4042-A9D7-9653D84BCAD1}.png,True,True
image11-0-0,灯塔,catalog_065.source,image11-0-0,灯塔,same_id_and_normalized_name,已由其他清单补齐，并非缺项,catalog_065 已有同 ID 同名项，无需按对方 220 计数补件,blue,blue,1,1,3,3,3,3,1000010000100000000000000,1000010000100000000000000,assets/items/reference_crops_v1/image11-0-0.png,True,False,True,assets/items/catalog_screenshots/1X3/{4B4BA98A-9DF4-4399-8B1B-754510B27C7A}.png,True,True
image11-0-1,烟紫水晶,catalog_065.source,image11-0-1,烟紫水晶,same_id_and_normalized_name,已由其他清单补齐，并非缺项,catalog_065 已有同 ID 同名项，无需按对方 220 计数补件,blue,blue,1,1,3,3,3,3,1000010000100000000000000,1000010000100000000000000,assets/items/reference_crops_v1/image11-0-1.png,True,False,True,assets/items/catalog_screenshots/1X3/{4B4BA98A-9DF4-4399-8B1B-754510B27C7A}.png,True,True
image11-0-2,鳞纹,catalog_065.source,image11-0-2,鳞纹,same_id_and_normalized_name,属性冲突，待源卡裁定,用用户源卡核对宽高/Cells/Shape，不以对方 catalog 覆盖,blue,blue,3,2,2,2,6,4,1110011100000000000000000,1100011000000000000000000,assets/items/reference_crops_v1/image11-0-2.png,True,False,True,assets/items/catalog_screenshots/2X2/{DFB6F983-7A0D-41C6-AB47-6C150B5F7770}.png,True,True
image11-1-0,断落的剑刃,catalog_065.source,image11-1-0,断落的剑刃,same_id_and_normalized_name,已由其他清单补齐，并非缺项,catalog_065 已有同 ID 同名项，无需按对方 220 计数补件,blue,blue,1,1,3,3,3,3,1000010000100000000000000,1000010000100000000000000,assets/items/reference_crops_v1/image11-1-0.png,True,False,True,assets/items/catalog_screenshots/1X3/{4B4BA98A-9DF4-4399-8B1B-754510B27C7A}.png,True,True
image11-1-1,失落的甲胄,catalog_065.source,image11-1-1,失落的甲胄,same_id_and_normalized_name,已由其他清单补齐，并非缺项,catalog_065 已有同 ID 同名项，无需按对方 220 计数补件,blue,blue,3,3,3,3,9,9,1110011100111000000000000,1110011100111000000000000,assets/items/reference_crops_v1/image11-1-1.png,True,False,True,assets/items/catalog_screenshots/3X3/{E16EEBF5-DDE4-48DC-B4B5-A7862E8D5FA5}.png,True,True
image11-1-2,觊觎钱币,catalog_065.source,image11-1-2,觊觎钱币,same_id_and_normalized_name,属性冲突，待源卡裁定,用用户源卡核对宽高/Cells/Shape，不以对方 catalog 覆盖,blue,blue,3,2,2,2,6,4,1110011100000000000000000,1100011000000000000000000,assets/items/reference_crops_v1/image11-1-2.png,True,False,True,assets/items/catalog_screenshots/2X2/{DFB6F983-7A0D-41C6-AB47-6C150B5F7770}.png,True,True
image12-0-0,销魂挠挠爪,catalog_065.source,image12-0-0,销魂挠挠爪,same_id_and_normalized_name,已由其他清单补齐，并非缺项,catalog_065 已有同 ID 同名项，无需按对方 220 计数补件,blue,blue,2,2,3,3,6,6,1100011000110000000000000,1100011000110000000000000,assets/items/reference_crops_v1/image12-0-0.png,True,False,True,assets/items/catalog_screenshots/2X3/{E2B97A18-0919-4B0C-9C04-6D8C2BF9F692}.png,True,True
image12-0-1,涂鸦板,catalog_065.source,image12-0-1,涂鸦板,same_id_and_normalized_name,已由其他清单补齐，并非缺项,catalog_065 已有同 ID 同名项，无需按对方 220 计数补件,blue,blue,4,4,1,1,4,4,1111000000000000000000000,1111000000000000000000000,assets/items/reference_crops_v1/image12-0-1.png,True,False,True,assets/items/catalog_screenshots/4X1/{7DB91AEB-261E-41F0-831D-424EEDA94025}.png,True,True
image12-0-2,褪色谜,catalog_065.source,image12-0-2,褪色谜,same_id_and_normalized_name,已由其他清单补齐，并非缺项,catalog_065 已有同 ID 同名项，无需按对方 220 计数补件,blue,blue,2,2,3,3,6,6,1100011000110000000000000,1100011000110000000000000,assets/items/reference_crops_v1/image12-0-2.png,True,False,True,assets/items/catalog_screenshots/2X3/{E2B97A18-0919-4B0C-9C04-6D8C2BF9F692}.png,True,True
image12-1-0,心猎铁骑L1-星影狩猎,catalog_065.source,image12-1-0,心猎铁骑L1-星影狩猎,same_id_and_normalized_name,已由其他清单补齐，并非缺项,catalog_065 已有同 ID 同名项，无需按对方 220 计数补件,blue,blue,1,1,2,2,2,2,1000010000000000000000000,1000010000000000000000000,assets/items/reference_crops_v1/image12-1-0.png,True,False,True,assets/items/catalog_screenshots/1X2/{C8C0E0D0-AD0B-43F9-A2E8-6453DE902C79}.png,True,True
image12-1-1,番茄百分百果冻,catalog_065.source,image12-1-1,番茄百分百果冻,same_id_and_normalized_name,已由其他清单补齐，并非缺项,catalog_065 已有同 ID 同名项，无需按对方 220 计数补件,blue,blue,2,2,2,2,4,4,1100011000000000000000000,1100011000000000000000000,assets/items/reference_crops_v1/image12-1-1.png,True,False,True,assets/items/catalog_screenshots/2X2/{DFB6F983-7A0D-41C6-AB47-6C150B5F7770}.png,True,True
image12-1-2,心猎铁骑L2-获胜法则,catalog_065.source,image12-1-2,心猎铁骑L2-获胜法则,same_id_and_normalized_name,已由其他清单补齐，并非缺项,catalog_065 已有同 ID 同名项，无需按对方 220 计数补件,blue,blue,1,1,2,2,2,2,1000010000000000000000000,1000010000000000000000000,assets/items/reference_crops_v1/image12-1-2.png,True,False,True,assets/items/catalog_screenshots/1X2/{C8C0E0D0-AD0B-43F9-A2E8-6453DE902C79}.png,True,True
image13-0-0,心猎铁骑L3-骑士飞踢,catalog_065.source,image13-0-0,心猎铁骑L3-骑士飞踢,same_id_and_normalized_name,已由其他清单补齐，并非缺项,catalog_065 已有同 ID 同名项，无需按对方 220 计数补件,blue,blue,1,1,2,2,2,2,1000010000000000000000000,1000010000000000000000000,assets/items/reference_crops_v1/image13-0-0.png,True,False,True,assets/items/catalog_screenshots/1X2/{C8C0E0D0-AD0B-43F9-A2E8-6453DE902C79}.png,True,True
image13-0-1,柠檬气泡水,catalog_065.source,image13-0-1,柠檬气泡水,same_id_and_normalized_name,已由其他清单补齐，并非缺项,catalog_065 已有同 ID 同名项，无需按对方 220 计数补件,blue,blue,1,1,3,3,3,3,1000010000100000000000000,1000010000100000000000000,assets/items/reference_crops_v1/image13-0-1.png,True,False,True,assets/items/catalog_screenshots/1X3/{4B4BA98A-9DF4-4399-8B1B-754510B27C7A}.png,True,True
image13-0-2,断落的剑柄,catalog_065.source,image13-0-2,断落的剑柄,same_id_and_normalized_name,已由其他清单补齐，并非缺项,catalog_065 已有同 ID 同名项，无需按对方 220 计数补件,blue,blue,1,1,2,2,2,2,1000010000000000000000000,1000010000000000000000000,assets/items/reference_crops_v1/image13-0-2.png,True,False,True,assets/items/catalog_screenshots/1X2/{C8C0E0D0-AD0B-43F9-A2E8-6453DE902C79}.png,True,True
image13-1-0,断落的剑格,catalog_065.source,image13-1-0,断落的剑格,same_id_and_normalized_name,已由其他清单补齐，并非缺项,catalog_065 已有同 ID 同名项，无需按对方 220 计数补件,blue,blue,2,2,1,1,2,2,1100000000000000000000000,1100000000000000000000000,assets/items/reference_crops_v1/image13-1-0.png,True,False,True,assets/items/catalog_screenshots/2X1/{4C68408B-B5A3-46E8-8049-C0B8065ADE60}.png,True,True
image13-1-1,棉绒绒手办,catalog_065.source,image13-1-1,棉绒绒手办,same_id_and_normalized_name,已由其他清单补齐，并非缺项,catalog_065 已有同 ID 同名项，无需按对方 220 计数补件,blue,blue,2,2,1,1,2,2,1100000000000000000000000,1100000000000000000000000,assets/items/reference_crops_v1/image13-1-1.png,True,False,True,assets/items/catalog_screenshots/2X1/{4C68408B-B5A3-46E8-8049-C0B8065ADE60}.png,True,True
image13-1-2,观蝶纪念章,catalog_065.source,image13-1-2,观蝶纪念章,same_id_and_normalized_name,已由其他清单补齐，并非缺项,catalog_065 已有同 ID 同名项，无需按对方 220 计数补件,blue,blue,2,2,1,1,2,2,1100000000000000000000000,1100000000000000000000000,assets/items/reference_crops_v1/image13-1-2.png,True,False,True,assets/items/catalog_screenshots/2X1/{4C68408B-B5A3-46E8-8049-C0B8065ADE60}.png,True,True
image14-0-0,清凉凉止痛药,catalog_065.source,image14-0-0,清凉凉止痛药,same_id_and_normalized_name,已由其他清单补齐，并非缺项,catalog_065 已有同 ID 同名项，无需按对方 220 计数补件,blue,blue,2,2,1,1,2,2,1100000000000000000000000,1100000000000000000000000,assets/items/reference_crops_v1/image14-0-0.png,True,False,True,assets/items/catalog_screenshots/2X1/{E065324C-AC60-41CF-B56A-8043A3B76C53}.png,True,True
image14-0-1,Tayge空气清新剂,catalog_065.source,image14-0-1,Tayge空气清新剂,same_id_and_normalized_name,已由其他清单补齐，并非缺项,catalog_065 已有同 ID 同名项，无需按对方 220 计数补件,blue,blue,1,1,2,2,2,2,1000010000000000000000000,1000010000000000000000000,assets/items/reference_crops_v1/image14-0-1.png,True,False,True,assets/items/catalog_screenshots/1X2/{F1E0B7B4-D27E-4BF5-A471-40C0FDDDAFE6}.png,True,True
image14-0-2,复古圆桌,catalog_065.source,image14-0-2,复古圆桌,same_id_and_normalized_name,已由其他清单补齐，并非缺项,catalog_065 已有同 ID 同名项，无需按对方 220 计数补件,blue,blue,2,2,1,1,2,2,1100000000000000000000000,1100000000000000000000000,assets/items/reference_crops_v1/image14-0-2.png,True,False,True,assets/items/catalog_screenshots/2X1/{E065324C-AC60-41CF-B56A-8043A3B76C53}.png,True,True
image14-1-0,沸腾之火,catalog_065.source,image14-1-0,沸腾之火,same_id_and_normalized_name,已由其他清单补齐，并非缺项,catalog_065 已有同 ID 同名项，无需按对方 220 计数补件,blue,blue,1,1,2,2,2,2,1000010000000000000000000,1000010000000000000000000,assets/items/reference_crops_v1/image14-1-0.png,True,False,True,assets/items/catalog_screenshots/1X2/{F1E0B7B4-D27E-4BF5-A471-40C0FDDDAFE6}.png,True,True
image14-1-1,专属客服,catalog_065.source,image14-1-1,专属客服,same_id_and_normalized_name,已由其他清单补齐，并非缺项,catalog_065 已有同 ID 同名项，无需按对方 220 计数补件,blue,blue,1,1,2,2,2,2,1000010000000000000000000,1000010000000000000000000,assets/items/reference_crops_v1/image14-1-1.png,True,False,True,assets/items/catalog_screenshots/1X2/{F1E0B7B4-D27E-4BF5-A471-40C0FDDDAFE6}.png,True,True
image14-1-2,蓝釉瓶,catalog_065.source,image14-1-2,蓝釉瓶,same_id_and_normalized_name,已由其他清单补齐，并非缺项,catalog_065 已有同 ID 同名项，无需按对方 220 计数补件,blue,blue,1,1,1,1,1,1,1000000000000000000000000,1000000000000000000000000,assets/items/reference_crops_v1/image14-1-2.png,True,False,True,assets/items/catalog_screenshots/1x1/{E4BB419A-6292-4A50-9CEB-D3351D50AF74}.png,True,True
image15-0-0,漫画书,catalog_065.source,image15-0-0,漫画书,same_id_and_normalized_name,已由其他清单补齐，并非缺项,catalog_065 已有同 ID 同名项，无需按对方 220 计数补件,blue,blue,1,1,1,1,1,1,1000000000000000000000000,1000000000000000000000000,assets/items/reference_crops_v1/image15-0-0.png,True,False,True,assets/items/catalog_screenshots/1x1/{E4BB419A-6292-4A50-9CEB-D3351D50AF74}.png,True,True
image15-0-1,银铃,catalog_065.source,image15-0-1,银铃,same_id_and_normalized_name,已由其他清单补齐，并非缺项,catalog_065 已有同 ID 同名项，无需按对方 220 计数补件,blue,blue,1,1,1,1,1,1,1000000000000000000000000,1000000000000000000000000,assets/items/reference_crops_v1/image15-0-1.png,True,False,True,assets/items/catalog_screenshots/宝石类1x1/{913DA7DB-3D46-40C1-8DEB-10F54935A95C}.png,True,True
image15-0-2,扭扭饼干,catalog_065.source,image15-0-2,扭扭饼干,same_id_and_normalized_name,属性冲突，待源卡裁定,用用户源卡核对宽高/Cells/Shape，不以对方 catalog 覆盖,blue,blue,2,1,1,1,2,1,1100000000000000000000000,1000000000000000000000000,assets/items/reference_crops_v1/image15-0-2.png,True,False,True,assets/items/catalog_screenshots/1x1/{E4BB419A-6292-4A50-9CEB-D3351D50AF74}.png,True,True
image15-1-0,拳王的战意,catalog_065.source,image15-1-0,拳王的战意,same_id_and_normalized_name,属性冲突，待源卡裁定,用用户源卡核对宽高/Cells/Shape，不以对方 catalog 覆盖,blue,blue,1,1,2,1,2,1,1000010000000000000000000,1000000000000000000000000,assets/items/reference_crops_v1/image15-1-0.png,True,False,True,assets/items/catalog_screenshots/1x1/{E4BB419A-6292-4A50-9CEB-D3351D50AF74}.png,True,True
image15-1-1,VitalMax能量棒,catalog_065.source,image15-1-1,VitalMax能量棒,same_id_and_normalized_name,已由其他清单补齐，并非缺项,catalog_065 已有同 ID 同名项，无需按对方 220 计数补件,blue,blue,1,1,2,2,2,2,1000010000000000000000000,1000010000000000000000000,assets/items/reference_crops_v1/image15-1-1.png,True,False,True,assets/items/catalog_screenshots/1x1/{92DEEC27-CED4-4688-95EC-5A01A337AF9D}.png,True,True
image15-1-2,无梦果核,catalog_065.source,image15-1-2,无梦果核,same_id_and_normalized_name,属性冲突，待源卡裁定,用用户源卡核对宽高/Cells/Shape，不以对方 catalog 覆盖,blue,blue,2,1,2,1,3,1,1100010000000000000000000,1000000000000000000000000,assets/items/reference_crops_v1/image15-1-2.png,True,False,True,assets/items/catalog_screenshots/1x1/{92DEEC27-CED4-4688-95EC-5A01A337AF9D}.png,True,True
image16-0-0,（未来的）大师飞镖,catalog_065.source,image16-0-0,（未来的）大师飞镖,same_id_and_normalized_name,已由其他清单补齐，并非缺项,catalog_065 已有同 ID 同名项，无需按对方 220 计数补件,blue,blue,1,1,1,1,1,1,1000000000000000000000000,1000000000000000000000000,assets/items/reference_crops_v1/image16-0-0.png,True,False,True,assets/items/catalog_screenshots/1x1/{92DEEC27-CED4-4688-95EC-5A01A337AF9D}.png,True,True
image16-0-1,复古暖灯,catalog_065.source,image16-0-1,复古暖灯,same_id_and_normalized_name,已由其他清单补齐，并非缺项,catalog_065 已有同 ID 同名项，无需按对方 220 计数补件,blue,blue,1,1,1,1,1,1,1000000000000000000000000,1000000000000000000000000,assets/items/reference_crops_v1/image16-0-1.png,True,False,True,assets/items/catalog_screenshots/1x1/{92DEEC27-CED4-4688-95EC-5A01A337AF9D}.png,True,True
image16-0-2,噗卡好梦棉花糖,catalog_065.source,image16-0-2,噗卡好梦棉花糖,same_id_and_normalized_name,已由其他清单补齐，并非缺项,catalog_065 已有同 ID 同名项，无需按对方 220 计数补件,blue,blue,1,1,1,1,1,1,1000000000000000000000000,1000000000000000000000000,assets/items/reference_crops_v1/image16-0-2.png,True,False,True,assets/items/catalog_screenshots/1x1/{92DEEC27-CED4-4688-95EC-5A01A337AF9D}.png,True,True
image16-1-0,毛茸茸的应答,catalog_065.source,image16-1-0,毛茸茸的应答,same_id_and_normalized_name,已由其他清单补齐，并非缺项,catalog_065 已有同 ID 同名项，无需按对方 220 计数补件,blue,blue,1,1,1,1,1,1,1000000000000000000000000,1000000000000000000000000,assets/items/reference_crops_v1/image16-1-0.png,True,False,True,assets/items/catalog_screenshots/1x1/{92DEEC27-CED4-4688-95EC-5A01A337AF9D}.png,True,True
image17-0-0,阿瑞斯跑步机,catalog_065.source,image17-0-0,阿瑞斯跑步机,same_id_and_normalized_name,已由其他清单补齐，并非缺项,catalog_065 已有同 ID 同名项，无需按对方 220 计数补件,purple,purple,4,4,3,3,12,12,1111011110111100000000000,1111011110111100000000000,assets/items/reference_crops_v1/image17-0-0.png,True,False,True,assets/items/catalog_screenshots/4X3/{3B7415AC-3F8D-4DEE-B5F6-C48D50626046}.png,True,True
image17-0-1,数码相机,catalog_065.source,image17-0-1,数码相机,same_id_and_normalized_name,已由其他清单补齐，并非缺项,catalog_065 已有同 ID 同名项，无需按对方 220 计数补件,purple,purple,3,3,2,2,6,6,1110011100000000000000000,1110011100000000000000000,assets/items/reference_crops_v1/image17-0-1.png,True,False,True,assets/items/catalog_screenshots/3X2/{08AEF60D-14B8-4F18-93F5-0EF794BF950E}.png,True,True
image17-0-2,寻星者望远镜,catalog_065.source,image17-0-2,寻星者望远镜,same_id_and_normalized_name,已由其他清单补齐，并非缺项,catalog_065 已有同 ID 同名项，无需按对方 220 计数补件,purple,purple,3,3,2,2,6,6,1110011100000000000000000,1110011100000000000000000,assets/items/reference_crops_v1/image17-0-2.png,True,False,True,assets/items/catalog_screenshots/3X2/{08AEF60D-14B8-4F18-93F5-0EF794BF950E}.png,True,True
image17-1-0,拈花小像,catalog_065.source,image17-1-0,拈花小像,same_id_and_normalized_name,已由其他清单补齐，并非缺项,catalog_065 已有同 ID 同名项，无需按对方 220 计数补件,purple,purple,3,3,2,2,6,6,1110011100000000000000000,1110011100000000000000000,assets/items/reference_crops_v1/image17-1-0.png,True,False,True,assets/items/catalog_screenshots/3X2/{08AEF60D-14B8-4F18-93F5-0EF794BF950E}.png,True,True
image17-1-1,阿瑞斯动感单车,catalog_065.source,image17-1-1,阿瑞斯动感单车,same_id_and_normalized_name,已由其他清单补齐，并非缺项,catalog_065 已有同 ID 同名项，无需按对方 220 计数补件,purple,purple,3,3,2,2,6,6,1110011100000000000000000,1110011100000000000000000,assets/items/reference_crops_v1/image17-1-1.png,True,False,True,assets/items/catalog_screenshots/3X2/{1C65BF0E-A101-4042-A9D7-9653D84BCAD1}.png,True,True
image17-1-2,落雪水晶球,catalog_065.source,image17-1-2,落雪水晶球,same_id_and_normalized_name,已由其他清单补齐，并非缺项,catalog_065 已有同 ID 同名项，无需按对方 220 计数补件,purple,purple,2,2,3,3,6,6,1100011000110000000000000,1100011000110000000000000,assets/items/reference_crops_v1/image17-1-2.png,True,False,True,assets/items/catalog_screenshots/2X3/{5432C3CC-00E0-43D0-8461-DD6A7E64552D}.png,True,True
image18-0-0,囿于窠巢,catalog_065.source,image18-0-0,囿于窠巢,same_id_and_normalized_name,已由其他清单补齐，并非缺项,catalog_065 已有同 ID 同名项，无需按对方 220 计数补件,purple,purple,2,2,3,3,6,6,1100011000110000000000000,1100011000110000000000000,assets/items/reference_crops_v1/image18-0-0.png,True,False,True,assets/items/catalog_screenshots/2X3/{5432C3CC-00E0-43D0-8461-DD6A7E64552D}.png,True,True
image18-0-1,「方盒科技」平板,catalog_065.source,image18-0-1,「方盒科技」平板,same_id_and_normalized_name,已由其他清单补齐，并非缺项,catalog_065 已有同 ID 同名项，无需按对方 220 计数补件,purple,purple,2,2,3,3,6,6,1100011000110000000000000,1100011000110000000000000,assets/items/reference_crops_v1/image18-0-1.png,True,False,True,assets/items/catalog_screenshots/2X3/{5432C3CC-00E0-43D0-8461-DD6A7E64552D}.png,True,True
image18-0-2,杯装日出,catalog_065.source,image18-0-2,杯装日出,same_id_and_normalized_name,已由其他清单补齐，并非缺项,catalog_065 已有同 ID 同名项，无需按对方 220 计数补件,purple,purple,3,3,2,2,6,6,1110011100000000000000000,1110011100000000000000000,assets/items/reference_crops_v1/image18-0-2.png,True,False,True,assets/items/catalog_screenshots/3X2/{1C65BF0E-A101-4042-A9D7-9653D84BCAD1}.png,True,True
image18-1-0,纳库佩达模型,catalog_065.source,image18-1-0,纳库佩达模型,same_id_and_normalized_name,已由其他清单补齐，并非缺项,catalog_065 已有同 ID 同名项，无需按对方 220 计数补件,purple,purple,2,2,2,2,4,4,1100011000000000000000000,1100011000000000000000000,assets/items/reference_crops_v1/image18-1-0.png,True,False,True,assets/items/catalog_screenshots/2X2/{9D299A9A-2D8E-417A-A566-BC92C203B40B}.png,True,True
image18-1-1,留声机,catalog_065.source,image18-1-1,留声机,same_id_and_normalized_name,已由其他清单补齐，并非缺项,catalog_065 已有同 ID 同名项，无需按对方 220 计数补件,purple,purple,2,2,2,2,4,4,1100011000000000000000000,1100011000000000000000000,assets/items/reference_crops_v1/image18-1-1.png,True,False,True,assets/items/catalog_screenshots/2X2/{9D299A9A-2D8E-417A-A566-BC92C203B40B}.png,True,True
image18-1-2,智能笔筒,catalog_065.source,image18-1-2,智能笔筒,same_id_and_normalized_name,已由其他清单补齐，并非缺项,catalog_065 已有同 ID 同名项，无需按对方 220 计数补件,purple,purple,2,2,2,2,4,4,1100011000000000000000000,1100011000000000000000000,assets/items/reference_crops_v1/image18-1-2.png,True,False,True,assets/items/catalog_screenshots/2X2/{E979E688-0FB8-4D82-BED5-C0FA4B86B848}.png,True,True
image19-0-0,金角月芒,catalog_065.source,image19-0-0,金角月芒,same_id_and_normalized_name,已由其他清单补齐，并非缺项,catalog_065 已有同 ID 同名项，无需按对方 220 计数补件,purple,purple,2,2,2,2,4,4,1100011000000000000000000,1100011000000000000000000,assets/items/reference_crops_v1/image19-0-0.png,True,False,True,assets/items/catalog_screenshots/2X2/{E979E688-0FB8-4D82-BED5-C0FA4B86B848}.png,True,True
image19-0-1,雀蓝簪,catalog_065.source,image19-0-1,雀蓝簪,same_id_and_normalized_name,已由其他清单补齐，并非缺项,catalog_065 已有同 ID 同名项，无需按对方 220 计数补件,purple,purple,1,1,3,3,3,3,1000010000100000000000000,1000010000100000000000000,assets/items/reference_crops_v1/image19-0-1.png,True,False,True,assets/items/catalog_screenshots/1X3/{8443FC6A-7C86-4902-BAB8-454E077003BF}.png,True,True
image19-0-2,角斗士之歌,catalog_065.source,image19-0-2,角斗士之歌,same_id_and_normalized_name,已由其他清单补齐，并非缺项,catalog_065 已有同 ID 同名项，无需按对方 220 计数补件,purple,purple,1,1,3,3,3,3,1000010000100000000000000,1000010000100000000000000,assets/items/reference_crops_v1/image19-0-2.png,True,False,True,assets/items/catalog_screenshots/1X3/{8443FC6A-7C86-4902-BAB8-454E077003BF}.png,True,True
image19-1-0,青花碗,catalog_065.source,image19-1-0,青花碗,same_id_and_normalized_name,条目存在，但缺有效视觉参考,补独立源卡裁图后再进入识别模板，不从对方 PNG 拷贝,purple,purple,2,2,2,2,4,4,1100011000000000000000000,1100011000000000000000000,assets/items/reference_crops_v1/image19-1-0.png,False,False,True,,False,True
image19-1-1,奇异引火石,catalog_065.source,image19-1-1,奇异引火石,same_id_and_normalized_name,已由其他清单补齐，并非缺项,catalog_065 已有同 ID 同名项，无需按对方 220 计数补件,purple,purple,2,2,1,1,2,2,1100000000000000000000000,1100000000000000000000000,assets/items/reference_crops_v1/image19-1-1.png,True,False,True,assets/items/catalog_screenshots/2X1/{82CFB2D0-B389-4430-B693-85C796393974}.png,True,True
image19-1-2,黄金薯饼,catalog_065.source,image19-1-2,黄金薯饼,same_id_and_normalized_name,已由其他清单补齐，并非缺项,catalog_065 已有同 ID 同名项，无需按对方 220 计数补件,purple,purple,1,1,2,2,2,2,1000010000000000000000000,1000010000000000000000000,assets/items/reference_crops_v1/image19-1-2.png,True,False,True,assets/items/catalog_screenshots/1X2/{DC23CF1B-F79F-40AF-BB9F-5CB790598626}.png,True,True
image20-0-0,洄游的一旗,catalog_065.source,image20-0-0,洄游的一旗,same_id_and_normalized_name,已由其他清单补齐，并非缺项,catalog_065 已有同 ID 同名项，无需按对方 220 计数补件,purple,purple,1,1,3,3,3,3,1000010000100000000000000,1000010000100000000000000,assets/items/reference_crops_v1/image20-0-0.png,True,False,True,assets/items/catalog_screenshots/1X3/{4B4BA98A-9DF4-4399-8B1B-754510B27C7A}.png,True,True
image20-0-1,跳跳兔盒,catalog_065.source,image20-0-1,跳跳兔盒,same_id_and_normalized_name,已由其他清单补齐，并非缺项,catalog_065 已有同 ID 同名项，无需按对方 220 计数补件,purple,purple,2,2,2,2,4,4,1100011000000000000000000,1100011000000000000000000,assets/items/reference_crops_v1/image20-0-1.png,True,False,True,assets/items/catalog_screenshots/2X2/{E979E688-0FB8-4D82-BED5-C0FA4B86B848}.png,True,True
image20-0-2,「切玉」,catalog_065.source,image20-0-2,「切玉」,same_id_and_normalized_name,已由其他清单补齐，并非缺项,catalog_065 已有同 ID 同名项，无需按对方 220 计数补件,purple,purple,2,2,1,1,2,2,1100000000000000000000000,1100000000000000000000000,assets/items/reference_crops_v1/image20-0-2.png,True,False,True,assets/items/catalog_screenshots/2X1/{82CFB2D0-B389-4430-B693-85C796393974}.png,True,True
image20-1-0,半翼战队,catalog_065.source,image20-1-0,半翼战队,same_id_and_normalized_name,已由其他清单补齐，并非缺项,catalog_065 已有同 ID 同名项，无需按对方 220 计数补件,purple,purple,1,1,3,3,3,3,1000010000100000000000000,1000010000100000000000000,assets/items/reference_crops_v1/image20-1-0.png,True,False,True,assets/items/catalog_screenshots/1X3/{4B4BA98A-9DF4-4399-8B1B-754510B27C7A}.png,True,True
image20-1-1,红釉花瓶,catalog_065.source,image20-1-1,红釉花瓶,same_id_and_normalized_name,已由其他清单补齐，并非缺项,catalog_065 已有同 ID 同名项，无需按对方 220 计数补件,purple,purple,1,1,2,2,2,2,1000010000000000000000000,1000010000000000000000000,assets/items/reference_crops_v1/image20-1-1.png,True,False,True,assets/items/catalog_screenshots/1X2/{DC23CF1B-F79F-40AF-BB9F-5CB790598626}.png,True,True
image20-1-2,「方盒科技」耳机,catalog_065.source,image20-1-2,「方盒科技」耳机,same_id_and_normalized_name,已由其他清单补齐，并非缺项,catalog_065 已有同 ID 同名项，无需按对方 220 计数补件,purple,purple,2,2,2,2,4,4,1100011000000000000000000,1100011000000000000000000,assets/items/reference_crops_v1/image20-1-2.png,True,False,True,assets/items/catalog_screenshots/2X2/{E979E688-0FB8-4D82-BED5-C0FA4B86B848}.png,True,True
image21-0-0,青釉花瓶,catalog_065.source,image21-0-0,青釉花瓶,same_id_and_normalized_name,已由其他清单补齐，并非缺项,catalog_065 已有同 ID 同名项，无需按对方 220 计数补件,purple,purple,1,1,2,2,2,2,1000010000000000000000000,1000010000000000000000000,assets/items/reference_crops_v1/image21-0-0.png,True,False,True,assets/items/catalog_screenshots/1X2/{DC23CF1B-F79F-40AF-BB9F-5CB790598626}.png,True,True
image21-0-1,四角魔方,catalog_065.source,image21-0-1,四角魔方,same_id_and_normalized_name,已由其他清单补齐，并非缺项,catalog_065 已有同 ID 同名项，无需按对方 220 计数补件,purple,purple,2,2,2,2,4,4,1100011000000000000000000,1100011000000000000000000,assets/items/reference_crops_v1/image21-0-1.png,True,False,True,assets/items/catalog_screenshots/2X2/{E979E688-0FB8-4D82-BED5-C0FA4B86B848}.png,True,True
image21-0-2,笼残羽,catalog_065.source,image21-0-2,笼残羽,same_id_and_normalized_name,已由其他清单补齐，并非缺项,catalog_065 已有同 ID 同名项，无需按对方 220 计数补件,purple,purple,1,1,1,1,1,1,1000000000000000000000000,1000000000000000000000000,assets/items/reference_crops_v1/image21-0-2.png,True,False,True,assets/items/catalog_screenshots/1x1/{60C0E71A-D308-4533-9AD9-1ADF34119353}.png,True,True
image21-1-0,海水蓝,catalog_065.source,image21-1-0,海水蓝,same_id_and_normalized_name,已由其他清单补齐，并非缺项,catalog_065 已有同 ID 同名项，无需按对方 220 计数补件,purple,purple,1,1,2,2,2,2,1000010000000000000000000,1000010000000000000000000,assets/items/reference_crops_v1/image21-1-0.png,True,False,True,assets/items/catalog_screenshots/1X2/{DC23CF1B-F79F-40AF-BB9F-5CB790598626}.png,True,True
image21-1-1,万能遥控器,catalog_065.source,image21-1-1,万能遥控器,same_id_and_normalized_name,已由其他清单补齐，并非缺项,catalog_065 已有同 ID 同名项，无需按对方 220 计数补件,purple,purple,2,2,1,1,2,2,1100000000000000000000000,1100000000000000000000000,assets/items/reference_crops_v1/image21-1-1.png,True,False,True,assets/items/catalog_screenshots/2X1/{82CFB2D0-B389-4430-B693-85C796393974}.png,True,True
image21-1-2,随身感应灯,catalog_065.source,image21-1-2,随身感应灯,same_id_and_normalized_name,已由其他清单补齐，并非缺项,catalog_065 已有同 ID 同名项，无需按对方 220 计数补件,purple,purple,2,2,1,1,2,2,1100000000000000000000000,1100000000000000000000000,assets/items/reference_crops_v1/image21-1-2.png,True,False,True,assets/items/catalog_screenshots/2X1/{82CFB2D0-B389-4430-B693-85C796393974}.png,True,True
image22-0-0,圣铃晶石,catalog_065.source,image22-0-0,圣铃晶石,same_id_and_normalized_name,已由其他清单补齐，并非缺项,catalog_065 已有同 ID 同名项，无需按对方 220 计数补件,purple,purple,1,1,2,2,2,2,1000010000000000000000000,1000010000000000000000000,assets/items/reference_crops_v1/image22-0-0.png,True,False,True,assets/items/catalog_screenshots/1X2/{DC23CF1B-F79F-40AF-BB9F-5CB790598626}.png,True,False
image22-0-1,秋枫镇纸,catalog_065.source,image22-0-1,秋枫镇纸,same_id_and_normalized_name,已由其他清单补齐，并非缺项,catalog_065 已有同 ID 同名项，无需按对方 220 计数补件,purple,purple,2,2,1,1,2,2,1100000000000000000000000,1100000000000000000000000,assets/items/reference_crops_v1/image22-0-1.png,True,False,True,assets/items/catalog_screenshots/2X1/{4C68408B-B5A3-46E8-8049-C0B8065ADE60}.png,True,True
image22-0-2,大将军章鱼烧,catalog_065.source,image22-0-2,大将军章鱼烧,same_id_and_normalized_name,已由其他清单补齐，并非缺项,catalog_065 已有同 ID 同名项，无需按对方 220 计数补件,purple,purple,2,2,1,1,2,2,1100000000000000000000000,1100000000000000000000000,assets/items/reference_crops_v1/image22-0-2.png,True,False,True,assets/items/catalog_screenshots/2X1/{4C68408B-B5A3-46E8-8049-C0B8065ADE60}.png,True,True
image22-1-0,双色冰棍,catalog_065.source,image22-1-0,双色冰棍,same_id_and_normalized_name,已由其他清单补齐，并非缺项,catalog_065 已有同 ID 同名项，无需按对方 220 计数补件,purple,purple,2,2,1,1,2,2,1100000000000000000000000,1100000000000000000000000,assets/items/reference_crops_v1/image22-1-0.png,True,False,True,assets/items/catalog_screenshots/2X1/{4C68408B-B5A3-46E8-8049-C0B8065ADE60}.png,True,True
image22-1-1,结的艺术,catalog_065.source,image22-1-1,结的艺术,same_id_and_normalized_name,已由其他清单补齐，并非缺项,catalog_065 已有同 ID 同名项，无需按对方 220 计数补件,purple,purple,1,1,2,2,2,2,1000010000000000000000000,1000010000000000000000000,assets/items/reference_crops_v1/image22-1-1.png,True,False,True,assets/items/catalog_screenshots/1X2/{DC23CF1B-F79F-40AF-BB9F-5CB790598626}.png,True,True
image22-1-2,环的冥思,catalog_065.source,image22-1-2,环的冥思,same_id_and_normalized_name,已由其他清单补齐，并非缺项,catalog_065 已有同 ID 同名项，无需按对方 220 计数补件,purple,purple,1,1,2,2,2,2,1000010000000000000000000,1000010000000000000000000,assets/items/reference_crops_v1/image22-1-2.png,True,False,True,assets/items/catalog_screenshots/1X2/{C8C0E0D0-AD0B-43F9-A2E8-6453DE902C79}.png,True,True
image23-0-0,春花镇纸,catalog_065.source,image23-0-0,春花镇纸,same_id_and_normalized_name,已由其他清单补齐，并非缺项,catalog_065 已有同 ID 同名项，无需按对方 220 计数补件,purple,purple,1,1,2,2,2,2,1000010000000000000000000,1000010000000000000000000,assets/items/reference_crops_v1/image23-0-0.png,True,False,True,assets/items/catalog_screenshots/1X2/{C8C0E0D0-AD0B-43F9-A2E8-6453DE902C79}.png,True,True
image23-0-1,饕目,catalog_065.source,image23-0-1,饕目,same_id_and_normalized_name,已由其他清单补齐，并非缺项,catalog_065 已有同 ID 同名项，无需按对方 220 计数补件,purple,purple,1,1,1,1,1,1,1000000000000000000000000,1000000000000000000000000,assets/items/reference_crops_v1/image23-0-1.png,True,False,True,assets/items/catalog_screenshots/1x1/{16B07C02-E13A-4195-8F67-C8A4041C7B87}.png,True,True
image23-0-2,蔚蓝旋律,catalog_065.source,image23-0-2,蔚蓝旋律,same_id_and_normalized_name,已由其他清单补齐，并非缺项,catalog_065 已有同 ID 同名项，无需按对方 220 计数补件,purple,purple,1,1,1,1,1,1,1000000000000000000000000,1000000000000000000000000,assets/items/reference_crops_v1/image23-0-2.png,True,False,True,assets/items/catalog_screenshots/1x1/{16B07C02-E13A-4195-8F67-C8A4041C7B87}.png,True,True
image23-1-0,月白沙,catalog_065.source,image23-1-0,月白沙,same_id_and_normalized_name,已由其他清单补齐，并非缺项,catalog_065 已有同 ID 同名项，无需按对方 220 计数补件,purple,purple,1,1,1,1,1,1,1000000000000000000000000,1000000000000000000000000,assets/items/reference_crops_v1/image23-1-0.png,True,False,True,assets/items/catalog_screenshots/1x1/{16B07C02-E13A-4195-8F67-C8A4041C7B87}.png,True,True
image23-1-1,幽灵态,catalog_065.source,image23-1-1,幽灵态,same_id_and_normalized_name,已由其他清单补齐，并非缺项,catalog_065 已有同 ID 同名项，无需按对方 220 计数补件,purple,purple,1,1,1,1,1,1,1000000000000000000000000,1000000000000000000000000,assets/items/reference_crops_v1/image23-1-1.png,True,False,True,assets/items/catalog_screenshots/1x1/{16B07C02-E13A-4195-8F67-C8A4041C7B87}.png,True,True
image23-1-2,海中栗,catalog_065.source,image23-1-2,海中栗,same_id_and_normalized_name,已由其他清单补齐，并非缺项,catalog_065 已有同 ID 同名项，无需按对方 220 计数补件,purple,purple,1,1,1,1,1,1,1000000000000000000000000,1000000000000000000000000,assets/items/reference_crops_v1/image23-1-2.png,True,False,True,assets/items/catalog_screenshots/1x1/{16B07C02-E13A-4195-8F67-C8A4041C7B87}.png,True,True
image24-0-0,霞红钻,catalog_065.source,image24-0-0,霞红钻,same_id_and_normalized_name,已由其他清单补齐，并非缺项,catalog_065 已有同 ID 同名项，无需按对方 220 计数补件,purple,purple,1,1,1,1,1,1,1000000000000000000000000,1000000000000000000000000,assets/items/reference_crops_v1/image24-0-0.png,True,False,True,assets/items/catalog_screenshots/1x1/{16B07C02-E13A-4195-8F67-C8A4041C7B87}.png,True,True
image24-0-1,焰火海鲜饭,catalog_065.source,image24-0-1,焰火海鲜饭,same_id_and_normalized_name,已由其他清单补齐，并非缺项,catalog_065 已有同 ID 同名项，无需按对方 220 计数补件,purple,purple,1,1,1,1,1,1,1000000000000000000000000,1000000000000000000000000,assets/items/reference_crops_v1/image24-0-1.png,True,False,True,assets/items/catalog_screenshots/1x1/{46C9F0D7-4495-419F-9A04-544A2E375631}.png,True,True
image24-0-2,压缩纸盒,catalog_065.source,image24-0-2,压缩纸盒,same_id_and_normalized_name,已由其他清单补齐，并非缺项,catalog_065 已有同 ID 同名项，无需按对方 220 计数补件,purple,purple,1,1,1,1,1,1,1000000000000000000000000,1000000000000000000000000,assets/items/reference_crops_v1/image24-0-2.png,True,False,True,assets/items/catalog_screenshots/1x1/{46C9F0D7-4495-419F-9A04-544A2E375631}.png,True,True
image24-1-0,炫彩扭蛋,catalog_065.source,image24-1-0,炫彩扭蛋,same_id_and_normalized_name,已由其他清单补齐，并非缺项,catalog_065 已有同 ID 同名项，无需按对方 220 计数补件,purple,purple,1,1,1,1,1,1,1000000000000000000000000,1000000000000000000000000,assets/items/reference_crops_v1/image24-1-0.png,True,False,True,assets/items/catalog_screenshots/1x1/{46C9F0D7-4495-419F-9A04-544A2E375631}.png,True,True
image24-1-1,棉花心,catalog_065.source,image24-1-1,棉花心,same_id_and_normalized_name,已由其他清单补齐，并非缺项,catalog_065 已有同 ID 同名项，无需按对方 220 计数补件,purple,purple,1,1,1,1,1,1,1000000000000000000000000,1000000000000000000000000,assets/items/reference_crops_v1/image24-1-1.png,True,False,True,assets/items/catalog_screenshots/1x1/{46C9F0D7-4495-419F-9A04-544A2E375631}.png,True,True
image24-1-2,鎏金坠,catalog_065.source,image24-1-2,鎏金坠,same_id_and_normalized_name,已由其他清单补齐，并非缺项,catalog_065 已有同 ID 同名项，无需按对方 220 计数补件,purple,purple,1,1,1,1,1,1,1000000000000000000000000,1000000000000000000000000,assets/items/reference_crops_v1/image24-1-2.png,True,False,True,assets/items/catalog_screenshots/1x1/{46C9F0D7-4495-419F-9A04-544A2E375631}.png,True,True
image25-0-0,弹性球,catalog_065.source,image25-0-0,弹性球,same_id_and_normalized_name,已由其他清单补齐，并非缺项,catalog_065 已有同 ID 同名项，无需按对方 220 计数补件,purple,purple,1,1,1,1,1,1,1000000000000000000000000,1000000000000000000000000,assets/items/reference_crops_v1/image25-0-0.png,True,False,True,assets/items/catalog_screenshots/1x1/{46C9F0D7-4495-419F-9A04-544A2E375631}.png,True,True
image25-0-1,闪闪金平糖,catalog_065.source,image25-0-1,闪闪金平糖,same_id_and_normalized_name,已由其他清单补齐，并非缺项,catalog_065 已有同 ID 同名项，无需按对方 220 计数补件,purple,purple,1,1,1,1,1,1,1000000000000000000000000,1000000000000000000000000,assets/items/reference_crops_v1/image25-0-1.png,True,False,True,assets/items/catalog_screenshots/1x1/{E4BB419A-6292-4A50-9CEB-D3351D50AF74}.png,True,True
image26-0-0,乔望尼金雕像,catalog_065.source,image26-0-0,乔望尼金雕像,same_id_and_normalized_name,已由其他清单补齐，并非缺项,catalog_065 已有同 ID 同名项，无需按对方 220 计数补件,gold,gold,4,4,5,5,20,20,1111011110111101111011110,1111011110111101111011110,assets/items/reference_crops_v1/image26-0-0.png,True,False,True,assets/items/catalog_screenshots/4X5/{3926DFDD-7627-4780-B786-3D4910511CA2}.png,True,True
image26-0-1,大饼,catalog_065.source,image26-0-1,大饼,same_id_and_normalized_name,已由其他清单补齐，并非缺项,catalog_065 已有同 ID 同名项，无需按对方 220 计数补件,gold,gold,4,4,5,5,20,20,1111011110111101111011110,1111011110111101111011110,assets/items/reference_crops_v1/image26-0-1.png,True,False,True,assets/items/catalog_screenshots/4X5/{3926DFDD-7627-4780-B786-3D4910511CA2}.png,True,True
image26-0-2,罐装随心泥,catalog_065.source,image26-0-2,罐装随心泥,same_id_and_normalized_name,已由其他清单补齐，并非缺项,catalog_065 已有同 ID 同名项，无需按对方 220 计数补件,gold,gold,4,4,3,3,12,12,1111011110111100000000000,1111011110111100000000000,assets/items/reference_crops_v1/image26-0-2.png,True,False,True,assets/items/catalog_screenshots/4X3/{3B7415AC-3F8D-4DEE-B5F6-C48D50626046}.png,True,True
image26-1-0,金龙鱼,catalog_065.source,image26-1-0,金龙鱼,same_id_and_normalized_name,已由其他清单补齐，并非缺项,catalog_065 已有同 ID 同名项，无需按对方 220 计数补件,gold,gold,4,4,1,1,4,4,1111000000000000000000000,1111000000000000000000000,assets/items/reference_crops_v1/image26-1-0.png,True,False,True,assets/items/catalog_screenshots/4X1/{7DB91AEB-261E-41F0-831D-424EEDA94025}.png,True,True
image26-1-1,条纹鲷,catalog_065.source,image26-1-1,条纹椰,same_id_different_name,属性冲突，待源卡裁定,同 ID 不同名，不能当成同一藏品；以用户源卡核名，不以对方 JSON 覆盖,gold,gold,4,4,3,3,12,12,1111011110111100000000000,1111011110111100000000000,assets/items/reference_crops_v1/image26-1-1.png,False,False,True,,False,True
image26-1-2,片刻驻足,catalog_065.source,image26-1-2,片刻驻足,same_id_and_normalized_name,已由其他清单补齐，并非缺项,catalog_065 已有同 ID 同名项，无需按对方 220 计数补件,gold,gold,2,2,3,3,6,6,1100011000110000000000000,1100011000110000000000000,assets/items/reference_crops_v1/image26-1-2.png,True,False,True,assets/items/catalog_screenshots/2X3/{FD33E1F1-6A47-4A1A-9A89-9163570FEA0A}.png,True,True
image27-0-0,名为显赫的权杖,catalog_065.source,image27-0-0,名为显赫的权杖,same_id_and_normalized_name,已由其他清单补齐，并非缺项,catalog_065 已有同 ID 同名项，无需按对方 220 计数补件,gold,gold,1,1,3,3,3,3,1000010000100000000000000,1000010000100000000000000,assets/items/reference_crops_v1/image27-0-0.png,True,False,True,assets/items/catalog_screenshots/1X3/{8443FC6A-7C86-4902-BAB8-454E077003BF}.png,True,True
image27-0-1,青花花瓶,catalog_065.source,image27-0-1,青花花瓶,same_id_and_normalized_name,已由其他清单补齐，并非缺项,catalog_065 已有同 ID 同名项，无需按对方 220 计数补件,gold,gold,1,1,4,4,4,4,1000010000100001000000000,1000010000100001000000000,assets/items/reference_crops_v1/image27-0-1.png,True,False,True,assets/items/catalog_screenshots/1X4/{DF831D3E-3159-43E1-A125-EDDB1AAF8093}.png,True,True
image27-0-2,万有星仪,catalog_065.source,image27-0-2,万有星仪,same_id_and_normalized_name,已由其他清单补齐，并非缺项,catalog_065 已有同 ID 同名项，无需按对方 220 计数补件,gold,gold,5,5,5,5,25,25,1111111111111111111111111,1111111111111111111111111,assets/items/reference_crops_v1/image27-0-2.png,True,False,True,assets/items/catalog_screenshots/5X5/{5325ABB2-6E85-4169-9C65-98431204CBEE}.png,True,True
image27-1-0,浅维祈手办,catalog_065.source,image27-1-0,浅绯祈手办,same_id_different_name,属性冲突，待源卡裁定,同 ID 不同名，不能当成同一藏品；以用户源卡核名，不以对方 JSON 覆盖,gold,gold,3,3,3,3,9,9,1110011100111000000000000,1110011100111000000000000,assets/items/reference_crops_v1/image27-1-0.png,True,False,True,assets/items/catalog_screenshots/3X3/{AF7A8555-2180-49BC-9395-F0DD5444F0EE}.png,True,True
image27-1-1,海盐心迷宫,catalog_065.source,image27-1-1,海盐心迷宫,same_id_and_normalized_name,已由其他清单补齐，并非缺项,catalog_065 已有同 ID 同名项，无需按对方 220 计数补件,gold,gold,2,2,3,3,6,6,1100011000110000000000000,1100011000110000000000000,assets/items/reference_crops_v1/image27-1-1.png,True,False,True,assets/items/catalog_screenshots/2X3/{FD33E1F1-6A47-4A1A-9A89-9163570FEA0A}.png,True,True
image27-1-2,「强身好伙伴！」,catalog_065.source,image27-1-2,「强身好伙伴！」,same_id_and_normalized_name,已由其他清单补齐，并非缺项,catalog_065 已有同 ID 同名项，无需按对方 220 计数补件,gold,gold,1,1,5,5,5,5,1000010000100001000010000,1000010000100001000010000,assets/items/reference_crops_v1/image27-1-2.png,True,False,True,assets/items/catalog_screenshots/1X5/{DE334641-DA72-4330-9D2A-0D11AE3A8AB4}.png,True,True
image28-0-0,轮椅模型,catalog_065.source,image28-0-0,轮椅模型,same_id_and_normalized_name,已由其他清单补齐，并非缺项,catalog_065 已有同 ID 同名项，无需按对方 220 计数补件,gold,gold,3,3,3,3,9,9,1110011100111000000000000,1110011100111000000000000,assets/items/reference_crops_v1/image28-0-0.png,True,False,True,assets/items/catalog_screenshots/3X3/{AF7A8555-2180-49BC-9395-F0DD5444F0EE}.png,True,True
image28-0-1,心猎铁骑L1-必杀一击,catalog_065.source,image28-0-1,心猎铁骑L1-必杀一击,same_id_and_normalized_name,已由其他清单补齐，并非缺项,catalog_065 已有同 ID 同名项，无需按对方 220 计数补件,gold,gold,2,2,3,3,6,6,1100011000110000000000000,1100011000110000000000000,assets/items/reference_crops_v1/image28-0-1.png,True,False,True,assets/items/catalog_screenshots/2X3/{FD33E1F1-6A47-4A1A-9A89-9163570FEA0A}.png,True,True
image28-0-2,心猎铁骑L2-闪焰冲锋,catalog_065.source,image28-0-2,心猎铁骑L2-闪焰冲锋,same_id_and_normalized_name,已由其他清单补齐，并非缺项,catalog_065 已有同 ID 同名项，无需按对方 220 计数补件,gold,gold,2,2,3,3,6,6,1100011000110000000000000,1100011000110000000000000,assets/items/reference_crops_v1/image28-0-2.png,True,False,True,assets/items/catalog_screenshots/2X3/{FD33E1F1-6A47-4A1A-9A89-9163570FEA0A}.png,True,True
image28-1-0,絮语之种,catalog_065.source,image28-1-0,絮语之种,same_id_and_normalized_name,已由其他清单补齐，并非缺项,catalog_065 已有同 ID 同名项，无需按对方 220 计数补件,gold,gold,2,2,3,3,6,6,1100011000110000000000000,1100011000110000000000000,assets/items/reference_crops_v1/image28-1-0.png,True,False,True,assets/items/catalog_screenshots/2X3/{5432C3CC-00E0-43D0-8461-DD6A7E64552D}.png,True,True
image28-1-1,心猎铁骑L3——以当千,catalog_065.source,image28-1-1,心猎铁骑L3——以当千,same_id_and_normalized_name,已由其他清单补齐，并非缺项,catalog_065 已有同 ID 同名项，无需按对方 220 计数补件,gold,gold,2,2,3,3,6,6,1100011000110000000000000,1100011000110000000000000,assets/items/reference_crops_v1/image28-1-1.png,True,False,True,assets/items/catalog_screenshots/2X3/{5432C3CC-00E0-43D0-8461-DD6A7E64552D}.png,True,True
image28-1-2,万花筒,catalog_065.source,image28-1-2,万花筒,same_id_and_normalized_name,条目存在，但缺有效视觉参考,补独立源卡裁图后再进入识别模板，不从对方 PNG 拷贝,gold,gold,1,1,3,3,3,3,1000010000100000000000000,1000010000100000000000000,assets/items/reference_crops_v1/image28-1-2.png,False,False,True,,False,True
image29-0-0,缠枝花纹筷,catalog_065.source,image29-0-0,缠枝花纹筷,same_id_and_normalized_name,已由其他清单补齐，并非缺项,catalog_065 已有同 ID 同名项，无需按对方 220 计数补件,gold,gold,3,3,1,1,3,3,1110000000000000000000000,1110000000000000000000000,assets/items/reference_crops_v1/image29-0-0.png,True,False,True,assets/items/catalog_screenshots/3X1/{D344DCA6-157C-48CC-A884-0A5246CC4FFB}.png,True,True
image29-0-1,凝华海露,catalog_065.source,image29-0-1,凝华海露,same_id_and_normalized_name,已由其他清单补齐，并非缺项,catalog_065 已有同 ID 同名项，无需按对方 220 计数补件,gold,gold,2,2,2,2,4,4,1100011000000000000000000,1100011000000000000000000,assets/items/reference_crops_v1/image29-0-1.png,True,False,True,assets/items/catalog_screenshots/2X2/{3D2983C4-2C10-49CB-8E12-4E20E57E0F4C}.png,True,True
image29-0-2,「截云」,catalog_065.source,image29-0-2,「截云」,same_id_and_normalized_name,已由其他清单补齐，并非缺项,catalog_065 已有同 ID 同名项，无需按对方 220 计数补件,gold,gold,1,1,5,5,5,5,1000010000100001000010000,1000010000100001000010000,assets/items/reference_crops_v1/image29-0-2.png,True,False,True,assets/items/catalog_screenshots/1X5/{DE334641-DA72-4330-9D2A-0D11AE3A8AB4}.png,True,True
image29-1-0,名为尊贵的冠冕,catalog_065.source,image29-1-0,名为尊贵的冠冕,same_id_and_normalized_name,已由其他清单补齐，并非缺项,catalog_065 已有同 ID 同名项，无需按对方 220 计数补件,gold,gold,3,3,1,1,3,3,1110000000000000000000000,1110000000000000000000000,assets/items/reference_crops_v1/image29-1-0.png,True,False,True,assets/items/catalog_screenshots/3X1/{D344DCA6-157C-48CC-A884-0A5246CC4FFB}.png,True,True
image29-1-1,万能适配器,catalog_065.source,image29-1-1,万能适配器,same_id_and_normalized_name,已由其他清单补齐，并非缺项,catalog_065 已有同 ID 同名项，无需按对方 220 计数补件,gold,gold,2,2,2,2,4,4,1100011000000000000000000,1100011000000000000000000,assets/items/reference_crops_v1/image29-1-1.png,True,False,True,assets/items/catalog_screenshots/2X2/{9D299A9A-2D8E-417A-A566-BC92C203B40B}.png,True,True
image29-1-2,生春鞘,catalog_065.source,image29-1-2,生春鞘,same_id_and_normalized_name,已由其他清单补齐，并非缺项,catalog_065 已有同 ID 同名项，无需按对方 220 计数补件,gold,gold,1,1,4,4,4,4,1000010000100001000000000,1000010000100001000000000,assets/items/reference_crops_v1/image29-1-2.png,True,False,True,assets/items/catalog_screenshots/1X4/{DF831D3E-3159-43E1-A125-EDDB1AAF8093}.png,True,True
image30-0-0,蓝焰火花塞,catalog_065.source,image30-0-0,蓝焰火花塞,same_id_and_normalized_name,已由其他清单补齐，并非缺项,catalog_065 已有同 ID 同名项，无需按对方 220 计数补件,gold,gold,2,2,2,2,4,4,1100011000000000000000000,1100011000000000000000000,assets/items/reference_crops_v1/image30-0-0.png,True,False,True,assets/items/catalog_screenshots/2X2/{9D299A9A-2D8E-417A-A566-BC92C203B40B}.png,True,True
image30-0-1,盈雪点翠,catalog_065.source,image30-0-1,盈雪点翠,same_id_and_normalized_name,已由其他清单补齐，并非缺项,catalog_065 已有同 ID 同名项，无需按对方 220 计数补件,gold,gold,2,2,2,2,4,4,1100011000000000000000000,1100011000000000000000000,assets/items/reference_crops_v1/image30-0-1.png,True,False,True,assets/items/catalog_screenshots/2X2/{9D299A9A-2D8E-417A-A566-BC92C203B40B}.png,True,True
image30-0-2,气象指南,catalog_065.source,image30-0-2,气象指南,same_id_and_normalized_name,已由其他清单补齐，并非缺项,catalog_065 已有同 ID 同名项，无需按对方 220 计数补件,gold,gold,3,3,1,1,3,3,1110000000000000000000000,1110000000000000000000000,assets/items/reference_crops_v1/image30-0-2.png,True,False,True,assets/items/catalog_screenshots/3X1/{D344DCA6-157C-48CC-A884-0A5246CC4FFB}.png,True,True
image30-1-0,骑士车贴,catalog_065.source,image30-1-0,骑士车贴,same_id_and_normalized_name,已由其他清单补齐，并非缺项,catalog_065 已有同 ID 同名项，无需按对方 220 计数补件,gold,gold,3,3,1,1,3,3,1110000000000000000000000,1110000000000000000000000,assets/items/reference_crops_v1/image30-1-0.png,True,False,True,assets/items/catalog_screenshots/3X1/{D344DCA6-157C-48CC-A884-0A5246CC4FFB}.png,True,True
image30-1-1,「方盒科技」电容笔,catalog_065.source,image30-1-1,「方盒科技」电容笔,same_id_and_normalized_name,已由其他清单补齐，并非缺项,catalog_065 已有同 ID 同名项，无需按对方 220 计数补件,gold,gold,1,1,3,3,3,3,1000010000100000000000000,1000010000100000000000000,assets/items/reference_crops_v1/image30-1-1.png,True,False,True,assets/items/catalog_screenshots/1X3/{8443FC6A-7C86-4902-BAB8-454E077003BF}.png,True,True
image30-1-2,「方盒科技」充电宝,catalog_065.source,image30-1-2,「方盒科技」充电宝,same_id_and_normalized_name,已由其他清单补齐，并非缺项,catalog_065 已有同 ID 同名项，无需按对方 220 计数补件,gold,gold,2,2,2,2,4,4,1100011000000000000000000,1100011000000000000000000,assets/items/reference_crops_v1/image30-1-2.png,True,False,True,assets/items/catalog_screenshots/2X2/{9D299A9A-2D8E-417A-A566-BC92C203B40B}.png,True,True
image31-0-0,自由数据线,catalog_065.source,image31-0-0,自由数据线,same_id_and_normalized_name,已由其他清单补齐，并非缺项,catalog_065 已有同 ID 同名项，无需按对方 220 计数补件,gold,gold,3,3,1,1,3,3,1110000000000000000000000,1110000000000000000000000,assets/items/reference_crops_v1/image31-0-0.png,True,False,True,assets/items/catalog_screenshots/3X1/{D344DCA6-157C-48CC-A884-0A5246CC4FFB}.png,True,True
image31-0-1,绯红宝石,catalog_065.source,image31-0-1,绯红宝石,same_id_and_normalized_name,已由其他清单补齐，并非缺项,catalog_065 已有同 ID 同名项，无需按对方 220 计数补件,gold,gold,1,1,1,1,1,1,1000000000000000000000000,1000000000000000000000000,assets/items/reference_crops_v1/image31-0-1.png,True,False,True,assets/items/catalog_screenshots/1x1/{9138F8CF-782A-4086-937D-FAF3CD4E810B}.png,True,True
image31-0-2,桂冠,catalog_065.source,image31-0-2,桂冠,same_id_and_normalized_name,已由其他清单补齐，并非缺项,catalog_065 已有同 ID 同名项，无需按对方 220 计数补件,gold,gold,1,1,1,1,1,1,1000000000000000000000000,1000000000000000000000000,assets/items/reference_crops_v1/image31-0-2.png,True,False,True,assets/items/catalog_screenshots/1x1/{60C0E71A-D308-4533-9AD9-1ADF34119353}.png,True,True
image31-1-0,大满贯手握,catalog_065.source,image31-1-0,大满贯手握,same_id_and_normalized_name,已由其他清单补齐，并非缺项,catalog_065 已有同 ID 同名项，无需按对方 220 计数补件,gold,gold,2,2,1,1,2,2,1100000000000000000000000,1100000000000000000000000,assets/items/reference_crops_v1/image31-1-0.png,True,False,True,assets/items/catalog_screenshots/2X1/{82CFB2D0-B389-4430-B693-85C796393974}.png,True,True
image31-1-1,绒默花瓣,catalog_065.source,image31-1-1,绒默花瓣,same_id_and_normalized_name,已由其他清单补齐，并非缺项,catalog_065 已有同 ID 同名项，无需按对方 220 计数补件,gold,gold,2,2,1,1,2,2,1100000000000000000000000,1100000000000000000000000,assets/items/reference_crops_v1/image31-1-1.png,True,False,True,assets/items/catalog_screenshots/2X1/{82CFB2D0-B389-4430-B693-85C796393974}.png,True,True
image31-1-2,「方盒科技」智能手表,catalog_065.source,image31-1-2,「方盒科技」智能手表,same_id_and_normalized_name,已由其他清单补齐，并非缺项,catalog_065 已有同 ID 同名项，无需按对方 220 计数补件,gold,gold,1,1,2,2,2,2,1000010000000000000000000,1000010000000000000000000,assets/items/reference_crops_v1/image31-1-2.png,True,False,True,assets/items/catalog_screenshots/1X2/{343D8F72-4689-4286-AFFD-80CEC2496DC7}.png,True,True
image32-0-0,海星,catalog_065.source,image32-0-0,海星,same_id_and_normalized_name,已由其他清单补齐，并非缺项,catalog_065 已有同 ID 同名项，无需按对方 220 计数补件,gold,gold,1,1,1,1,1,1,1000000000000000000000000,1000000000000000000000000,assets/items/reference_crops_v1/image32-0-0.png,True,False,True,assets/items/catalog_screenshots/1x1/{60C0E71A-D308-4533-9AD9-1ADF34119353}.png,True,True
image32-0-1,第23页,catalog_065.source,image32-0-1,第23页,same_id_and_normalized_name,已由其他清单补齐，并非缺项,catalog_065 已有同 ID 同名项，无需按对方 220 计数补件,gold,gold,1,1,1,1,1,1,1000000000000000000000000,1000000000000000000000000,assets/items/reference_crops_v1/image32-0-1.png,True,False,True,assets/items/catalog_screenshots/1x1/{60C0E71A-D308-4533-9AD9-1ADF34119353}.png,True,True
image32-0-2,光之方,catalog_065.source,image32-0-2,光之方,same_id_and_normalized_name,已由其他清单补齐，并非缺项,catalog_065 已有同 ID 同名项，无需按对方 220 计数补件,gold,gold,1,1,1,1,1,1,1000000000000000000000000,1000000000000000000000000,assets/items/reference_crops_v1/image32-0-2.png,True,False,True,assets/items/catalog_screenshots/1x1/{60C0E71A-D308-4533-9AD9-1ADF34119353}.png,True,True
image32-1-0,落日珍珠,catalog_065.source,image32-1-0,落日珍珠,same_id_and_normalized_name,属性冲突，待源卡裁定,用用户源卡核对宽高/Cells/Shape，不以对方 catalog 覆盖,gold,gold,1,1,2,1,1,1,1000010000000000000000000,1000000000000000000000000,assets/items/reference_crops_v1/image32-1-0.png,True,False,True,assets/items/catalog_screenshots/1x1/{60C0E71A-D308-4533-9AD9-1ADF34119353}.png,True,True
image33-0-0,金锦鲤雕像,catalog_065.source,image33-0-0,金锦鲤雕像,same_id_and_normalized_name,已由其他清单补齐，并非缺项,catalog_065 已有同 ID 同名项，无需按对方 220 计数补件,red,red,4,4,4,4,16,16,1111011110111101111000000,1111011110111101111000000,assets/items/reference_crops_v1/image33-0-0.png,True,False,True,assets/items/catalog_screenshots/4X4/{A56C0E29-265B-49E6-9060-91691585BA0A}.png,True,True
image33-0-1,Pendragon模型,catalog_065.source,image33-0-1,Pendragon模型,same_id_and_normalized_name,已由其他清单补齐，并非缺项,catalog_065 已有同 ID 同名项，无需按对方 220 计数补件,red,red,5,5,5,5,25,25,1111111111111111111111111,1111111111111111111111111,assets/items/reference_crops_v1/image33-0-1.png,True,False,True,assets/items/catalog_screenshots/5X5/{5325ABB2-6E85-4169-9C65-98431204CBEE}.png,True,True
image33-0-2,「永恒之心」,catalog_065.source,image33-0-2,「永恒之心」,same_id_and_normalized_name,已由其他清单补齐，并非缺项,catalog_065 已有同 ID 同名项，无需按对方 220 计数补件,red,red,1,1,1,1,1,1,1000000000000000000000000,1000000000000000000000000,assets/items/reference_crops_v1/image33-0-2.png,True,False,True,assets/items/catalog_screenshots/1x1/{9138F8CF-782A-4086-937D-FAF3CD4E810B}.png,True,True
image33-1-0,古旧手提箱,catalog_065.source,image33-1-0,古旧手提箱,same_id_and_normalized_name,已由其他清单补齐，并非缺项,catalog_065 已有同 ID 同名项，无需按对方 220 计数补件,red,red,3,3,2,2,6,6,1110011100000000000000000,1110011100000000000000000,assets/items/reference_crops_v1/image33-1-0.png,True,False,True,assets/items/catalog_screenshots/3X2/{08AEF60D-14B8-4F18-93F5-0EF794BF950E}.png,True,True
image33-1-1,未知门禁卡,catalog_065.source,image33-1-1,未知门禁卡,same_id_and_normalized_name,已由其他清单补齐，并非缺项,catalog_065 已有同 ID 同名项，无需按对方 220 计数补件,red,red,3,3,2,2,6,6,1110011100000000000000000,1110011100000000000000000,assets/items/reference_crops_v1/image33-1-1.png,True,False,True,assets/items/catalog_screenshots/3X2/{08AEF60D-14B8-4F18-93F5-0EF794BF950E}.png,True,True
image33-1-2,白龙王,catalog_065.source,image33-1-2,白龙王,same_id_and_normalized_name,已由其他清单补齐，并非缺项,catalog_065 已有同 ID 同名项，无需按对方 220 计数补件,red,red,1,1,4,4,4,4,1000010000100001000000000,1000010000100001000000000,assets/items/reference_crops_v1/image33-1-2.png,True,False,True,assets/items/catalog_screenshots/1X4/{DF831D3E-3159-43E1-A125-EDDB1AAF8093}.png,True,True
image34-0-0,一簇幽火,catalog_065.source,image34-0-0,一簇幽火,same_id_and_normalized_name,属性冲突，待源卡裁定,用用户源卡核对宽高/Cells/Shape，不以对方 catalog 覆盖,red,red,3,3,3,3,9,9,1110011100000000000000000,1110011100111000000000000,assets/items/reference_crops_v1/image34-0-0.png,True,False,True,assets/items/catalog_screenshots/3X3/{AF7A8555-2180-49BC-9395-F0DD5444F0EE}.png,True,True
image34-0-1,九格小食,catalog_065.source,image34-0-1,九格小食,same_id_and_normalized_name,属性冲突，待源卡裁定,用用户源卡核对宽高/Cells/Shape，不以对方 catalog 覆盖,red,red,3,3,3,3,9,9,1110011100000000000000000,1110011100111000000000000,assets/items/reference_crops_v1/image34-0-1.png,True,False,True,assets/items/catalog_screenshots/3X3/{AF7A8555-2180-49BC-9395-F0DD5444F0EE}.png,True,True
image34-0-2,便携式折叠屏,catalog_065.source,image34-0-2,便携式折叠屏,same_id_and_normalized_name,已由其他清单补齐，并非缺项,catalog_065 已有同 ID 同名项，无需按对方 220 计数补件,red,red,3,3,2,2,6,6,1110011100000000000000000,1110011100000000000000000,assets/items/reference_crops_v1/image34-0-2.png,True,False,True,assets/items/catalog_screenshots/3X2/{08AEF60D-14B8-4F18-93F5-0EF794BF950E}.png,True,True
image34-1-0,永生花环,catalog_065.source,image34-1-0,永生花环,same_id_and_normalized_name,已由其他清单补齐，并非缺项,catalog_065 已有同 ID 同名项，无需按对方 220 计数补件,red,red,2,2,2,2,4,4,1100011000000000000000000,1100011000000000000000000,assets/items/reference_crops_v1/image34-1-0.png,True,False,True,assets/items/catalog_screenshots/2X2/{3D2983C4-2C10-49CB-8E12-4E20E57E0F4C}.png,True,True
image34-1-1,细颈莲纹瓶,catalog_065.source,image34-1-1,细颈莲纹瓶,same_id_and_normalized_name,属性冲突，待源卡裁定,用用户源卡核对宽高/Cells/Shape，不以对方 catalog 覆盖,red,red,1,1,3,3,3,3,1000010000000000000000000,1000010000100000000000000,assets/items/reference_crops_v1/image34-1-1.png,True,False,True,assets/items/catalog_screenshots/1X3/{8443FC6A-7C86-4902-BAB8-454E077003BF}.png,True,True
image34-1-2,莹碧翡翠,catalog_065.source,image34-1-2,莹碧翡翠,same_id_and_normalized_name,属性冲突，待源卡裁定,用用户源卡核对宽高/Cells/Shape，不以对方 catalog 覆盖,red,red,2,2,4,4,8,8,1100011000110000000000000,1100011000110001100000000,assets/items/reference_crops_v1/image34-1-2.png,True,False,True,assets/items/catalog_screenshots/2X4/{52CC891D-443F-4464-A8D5-F6ECDA1A8AE2}.png,True,True
image35-0-0,图特U盘,catalog_065.source,image35-0-0,图特U盘,same_id_and_normalized_name,已由其他清单补齐，并非缺项,catalog_065 已有同 ID 同名项，无需按对方 220 计数补件,red,red,2,2,1,1,2,2,1100000000000000000000000,1100000000000000000000000,assets/items/reference_crops_v1/image35-0-0.png,True,False,True,assets/items/catalog_screenshots/2X1/{C3E32ADB-9348-4FE5-B70F-C7B9F66B659A}.png,True,True
image35-0-1,「几何」摆件,catalog_065.source,image35-0-1,「几何」摆件,same_id_and_normalized_name,已由其他清单补齐，并非缺项,catalog_065 已有同 ID 同名项，无需按对方 220 计数补件,red,red,1,1,1,1,1,1,1000000000000000000000000,1000000000000000000000000,assets/items/reference_crops_v1/image35-0-1.png,True,False,True,assets/items/catalog_screenshots/1x1/{9138F8CF-782A-4086-937D-FAF3CD4E810B}.png,True,True
image35-0-2,混沌谜核,catalog_065.source,image35-0-2,混沌谜核,same_id_and_normalized_name,已由其他清单补齐，并非缺项,catalog_065 已有同 ID 同名项，无需按对方 220 计数补件,red,red,1,1,1,1,1,1,1000000000000000000000000,1000000000000000000000000,assets/items/reference_crops_v1/image35-0-2.png,True,False,True,assets/items/catalog_screenshots/1x1/{9138F8CF-782A-4086-937D-FAF3CD4E810B}.png,True,True
image35-1-0,K01模型,catalog_065.source,image35-1-0,K01模型,same_id_and_normalized_name,已由其他清单补齐，并非缺项,catalog_065 已有同 ID 同名项，无需按对方 220 计数补件,red,red,4,4,4,4,16,16,1111011110111101111000000,1111011110111101111000000,assets/items/reference_crops_v1/image35-1-0.png,True,False,True,assets/items/catalog_screenshots/4X4/{A56C0E29-265B-49E6-9060-91691585BA0A}.png,True,True
image35-1-1,鲸歌,catalog_065.source,image35-1-1,鲸歌,same_id_and_normalized_name,已由其他清单补齐，并非缺项,catalog_065 已有同 ID 同名项，无需按对方 220 计数补件,red,red,4,4,4,4,16,16,1111011110111101111000000,1111011110111101111000000,assets/items/reference_crops_v1/image35-1-1.png,True,False,True,assets/items/catalog_screenshots/4X4/{A56C0E29-265B-49E6-9060-91691585BA0A}.png,True,True
image35-1-2,「泪滴」,catalog_065.source,image35-1-2,「泪滴」,same_id_and_normalized_name,已由其他清单补齐，并非缺项,catalog_065 已有同 ID 同名项，无需按对方 220 计数补件,red,red,1,1,1,1,1,1,1000000000000000000000000,1000000000000000000000000,assets/items/reference_crops_v1/image35-1-2.png,True,False,True,assets/items/catalog_screenshots/1x1/{9138F8CF-782A-4086-937D-FAF3CD4E810B}.png,True,True
image36-0-0,「摇星」,catalog_065.source,image36-0-0,「摇星」,same_id_and_normalized_name,属性冲突，待源卡裁定,用用户源卡核对宽高/Cells/Shape，不以对方 catalog 覆盖,red,red,2,2,2,2,3,4,1100011000000000000000000,1100011000000000000000000,assets/items/reference_crops_v1/image36-0-0.png,True,False,True,assets/items/catalog_screenshots/2X2/{3D2983C4-2C10-49CB-8E12-4E20E57E0F4C}.png,True,True
image36-0-1,酥酥酥天井,catalog_065.source,image36-0-1,酥酥酥天井,same_id_and_normalized_name,属性冲突，待源卡裁定,用用户源卡核对宽高/Cells/Shape，不以对方 catalog 覆盖,red,red,2,2,1,1,1,2,1100000000000000000000000,1100000000000000000000000,assets/items/reference_crops_v1/image36-0-1.png,True,False,True,assets/items/catalog_screenshots/2X1/{C3E32ADB-9348-4FE5-B70F-C7B9F66B659A}.png,True,False
,,,catalog-red-bibotianxi,碧波天玺,no_runtime_name_or_id_match,证据不足，暂不处理,对方条目不能当权威，暂不处理,,red,,2,,2,,4,,1100011000000000000000000,,False,False,False,,False,False
,,,catalog-red-chaojicunchupan,超级存储盘,normalized_name_against_solver_only,确实缺运行时条目,求解器有价格尺寸；视觉主表未建条目。先核用户源卡，再决定是否补,,red,,2,,1,,2,,1100000000000000000000000,,False,False,False,,False,True
visual-xiaoheng-5x5,储钱小哼,manifest_v2.source,catalog-red-chuqianxiaoheng,储钱小哼,normalized_name_against_supplemental_catalog,已由其他清单补齐，并非缺项,catalog_065 无此对方 ID，但 visual/registry/manifest 已有同名项；几何候选索引仍可能看不见,red,red,5,5,5,5,25,25,,1111111111111111111111111,assets/items/reference_crops_v1/visual-xiaoheng-5x5.png,True,True,False,assets/items/catalog_screenshots/5X5/{5325ABB2-6E85-4169-9C65-98431204CBEE}.png,True,False
,,,catalog-red-yaomuquanbing,曜目权柄,normalized_name_against_solver_only,确实缺运行时条目,求解器有价格尺寸；视觉主表未建条目。先核用户源卡，再决定是否补,,red,,5,,1,,5,,1111100000000000000000000,,False,False,False,,False,True
image3-0-2,酷辣辣辣条,catalog_065.source,catalog-red-kulalalatiao,酷辣辣辣条,normalized_name_different_id,已由其他清单补齐，并非缺项,我方几何主表已有同名不同 ID，禁止按对方 ID 导入,white,red,1,1,1,2,1,2,1000000000000000000000000,1000010000000000000000000,assets/items/reference_crops_v1/image3-0-2.png,True,False,True,assets/items/catalog_screenshots/1X2/{343D8F72-4689-4286-AFFD-80CEC2496DC7}.png,True,True
,,,catalog-red-tashanzhishi,他山之石,normalized_name_against_solver_only,确实缺运行时条目,求解器有价格尺寸；视觉主表未建条目。先核用户源卡，再决定是否补,,red,,1,,2,,2,,1000010000000000000000000,,False,False,False,,False,True
visual-4cc72b207cb6,吨吨锤,manifest_v2.source,catalog-red-tuntunchui,吨吨锤,normalized_name_against_supplemental_catalog,已由其他清单补齐，并非缺项,catalog_065 无此对方 ID，但 visual/registry/manifest 已有同名项；几何候选索引仍可能看不见,red,red,3,3,3,3,9,9,,1110011100111000000000000,assets/items/reference_crops_v1/visual-4cc72b207cb6.png,True,True,False,assets/items/catalog_screenshots/3X3/{AF7A8555-2180-49BC-9395-F0DD5444F0EE}.png,True,False
,,,catalog-red-zhanxinpaiqiu,崭新限量排球,normalized_name_against_solver_only,确实缺运行时条目,求解器有价格尺寸；视觉主表未建条目。先核用户源卡，再决定是否补,,red,,2,,2,,4,,1100011000000000000000000,,False,False,False,,False,True
visual-04d191b44682,霜铁交响,manifest_v2.source,catalog-red-shuangtiejiaoxiang,霜铁交响,normalized_name_against_supplemental_catalog,已由其他清单补齐，并非缺项,catalog_065 无此对方 ID，但 visual/registry/manifest 已有同名项；几何候选索引仍可能看不见,red,red,2,2,3,3,6,6,,1100011000110000000000000,assets/items/reference_crops_v1/visual-04d191b44682.png,True,True,False,assets/items/catalog_screenshots/2X3/{FD33E1F1-6A47-4A1A-9A89-9163570FEA0A}.png,True,True
,,,catalog-red-mingpei,鸣佩,normalized_name_against_solver_only,确实缺运行时条目,求解器有价格尺寸；视觉主表未建条目。先核用户源卡，再决定是否补,,red,,2,,1,,2,,1100000000000000000000000,,False,False,False,,False,True
,,,catalog-gold-chiselaidian,赤色来电,normalized_name_against_solver_only,确实缺运行时条目,求解器有价格尺寸；视觉主表未建条目。先核用户源卡，再决定是否补,,gold,,4,,4,,16,,1111011110111101111000000,,False,False,False,,False,True
visual-liuliwei-4x1,琉璃尾,manifest_v2.source,catalog-gold-liuliwei,琉璃尾,normalized_name_against_supplemental_catalog,已由其他清单补齐，并非缺项,catalog_065 无此对方 ID，但 visual/registry/manifest 已有同名项；几何候选索引仍可能看不见,gold,gold,4,4,1,1,4,4,,1111000000000000000000000,assets/items/reference_crops_v1/visual-liuliwei-4x1.png,True,True,False,assets/items/catalog_screenshots/4X1/{7DB91AEB-261E-41F0-831D-424EEDA94025}.png,True,True
visual-dc9ba21be2ec,双颈玉瓶-白,manifest_v2.source,catalog-gold-shuangjingyuping-bai,双颈玉瓶-白,normalized_name_against_supplemental_catalog,已由其他清单补齐，并非缺项,catalog_065 无此对方 ID，但 visual/registry/manifest 已有同名项；几何候选索引仍可能看不见,gold,gold,2,2,2,2,4,4,,1100011000000000000000000,assets/items/reference_crops_v1/visual-dc9ba21be2ec.png,True,True,False,assets/items/catalog_screenshots/2X2/{3D2983C4-2C10-49CB-8E12-4E20E57E0F4C}.png,True,True
visual-bbc3262913a7,映像机,manifest_v2.source,catalog-gold-yingxiangji,映像机,normalized_name_against_supplemental_catalog,已由其他清单补齐，并非缺项,catalog_065 无此对方 ID，但 visual/registry/manifest 已有同名项；几何候选索引仍可能看不见,gold,gold,2,2,3,3,6,6,,1100011000110000000000000,assets/items/reference_crops_v1/visual-bbc3262913a7.png,True,True,False,assets/items/catalog_screenshots/2X3/{FD33E1F1-6A47-4A1A-9A89-9163570FEA0A}.png,True,True
,,,catalog-gold-chengkongzhiyan,澄空之眼,normalized_name_against_solver_only,确实缺运行时条目,求解器有价格尺寸；视觉主表未建条目。先核用户源卡，再决定是否补,,gold,,2,,1,,2,,1100000000000000000000000,,False,False,False,,False,True
visual-0f696df33258,算力面包,manifest_v2.source,catalog-gold-suanlimianbao,算力面包,normalized_name_against_supplemental_catalog,已由其他清单补齐，并非缺项,catalog_065 无此对方 ID，但 visual/registry/manifest 已有同名项；几何候选索引仍可能看不见,gold,gold,1,1,2,2,2,2,,1000010000000000000000000,assets/items/reference_crops_v1/visual-0f696df33258.png,True,True,False,assets/items/catalog_screenshots/1X2/{343D8F72-4689-4286-AFFD-80CEC2496DC7}.png,True,True
,,,catalog-gold-canjinhuan,灿金环,normalized_name_against_solver_only,确实缺运行时条目,求解器有价格尺寸；视觉主表未建条目。先核用户源卡，再决定是否补,,gold,,1,,2,,2,,1000010000000000000000000,,False,False,False,,False,True
visual-922c073c366d,巡哨-干练精英,manifest_v2.source,catalog-gold-xunshao-ganlianjingying,巡哨-干练精英,normalized_name_against_supplemental_catalog,已由其他清单补齐，并非缺项,catalog_065 无此对方 ID，但 visual/registry/manifest 已有同名项；几何候选索引仍可能看不见,gold,gold,2,2,1,1,2,2,,1100000000000000000000000,assets/items/reference_crops_v1/visual-922c073c366d.png,True,True,False,assets/items/catalog_screenshots/2X1/{C3E32ADB-9348-4FE5-B70F-C7B9F66B659A}.png,True,False
,,,catalog-gold-huangyouyaqi,黄釉雅器,normalized_name_against_solver_only,确实缺运行时条目,求解器有价格尺寸；视觉主表未建条目。先核用户源卡，再决定是否补,,gold,,1,,2,,2,,1000010000000000000000000,,False,False,False,,False,True
visual-9607b248bbf4,猫丸秘制豚骨拉面,manifest_v2.source,catalog-gold-maowan-mizhi-tonggularmian,猫丸秘制豚骨拉面,normalized_name_against_supplemental_catalog,已由其他清单补齐，并非缺项,catalog_065 无此对方 ID，但 visual/registry/manifest 已有同名项；几何候选索引仍可能看不见,gold,gold,1,1,1,1,1,1,,1000000000000000000000000,assets/items/reference_crops_v1/visual-9607b248bbf4.png,True,True,False,assets/items/catalog_screenshots/1x1/{9138F8CF-782A-4086-937D-FAF3CD4E810B}.png,True,True
