"Relative","Files","Bytes"
"本地磁盘 (D).lnk","1","497"
"app/__pycache__","41","1504577"
"build/异环拍卖助手","16","25503873"
"build/takeover_20260905/continued-package/异环拍卖助手/_internal","562","270835121"
"build/takeover_20260905/continued-package/异环拍卖助手/异环拍卖助手.exe","1","7228663"
"build/takeover_20260905/continued-pyinstaller","16","24153812"
"build/takeover_20260905/foreground-package-work","16","24131031"
"build/takeover_20260905/foreground-package/异环拍卖助手/_internal","560","270830165"
"build/takeover_20260905/foreground-package/异环拍卖助手/异环拍卖助手.exe","1","7222162"
"build/takeover_20260905/package/异环拍卖助手/_internal","527","282310003"
"build/takeover_20260905/package/异环拍卖助手/异环拍卖助手.exe","1","7716257"
"build/takeover_20260905/pyinstaller-work","16","25683685"
"build/takeover_20260905/repro-package/异环拍卖助手/_internal","509","257493386"
"build/takeover_20260905/repro-package/异环拍卖助手/异环拍卖助手.exe","1","7213340"
"build/takeover_20260905/repro-pyinstaller-work","16","24068092"
"build/takeover_20260905/video-package-work","16","24126561"
"build/takeover_20260905/video-package/异环拍卖助手/_internal","560","270825285"
"build/takeover_20260905/video-package/异环拍卖助手/异环拍卖助手.exe","1","7220702"
"build/takeover_20260906/final-live-package/异环拍卖助手/_internal","565","270912316"
"build/takeover_20260906/final-live-package/异环拍卖助手/异环拍卖助手.exe","1","7232152"
"build/takeover_20260907/friend-app-package-v1/异环拍卖助手.zip","1","335413942"
"build/takeover_20260907/friend-app-package-v1/异环拍卖助手/_internal","3829","780773164"
"build/takeover_20260907/friend-app-package-v1/异环拍卖助手/异环拍卖助手.exe","1","56786516"
"build/takeover_20260907/friend-app-package-v2/异环拍卖助手/_internal","3829","780774844"
"build/takeover_20260907/friend-app-package-v2/异环拍卖助手/异环拍卖助手.exe","1","56795428"
"build/takeover_20260907/friend-app-package-v3/异环拍卖助手/_internal","3829","780781801"
"build/takeover_20260907/friend-app-package-v3/异环拍卖助手/异环拍卖助手.exe","1","56800065"
"build/takeover_20260907/friend-app-package-v4/异环拍卖助手/_internal","3829","780782786"
"build/takeover_20260907/friend-app-package-v4/异环拍卖助手/异环拍卖助手.exe","1","56801913"
"build/takeover_20260907/friend-app-package-v5/异环拍卖助手/_internal","3829","780785981"
"build/takeover_20260907/friend-app-package-v5/异环拍卖助手/异环拍卖助手.exe","1","56806282"
"build/takeover_20260907/friend-pyinstaller-work-v1","16","188600564"
"build/takeover_20260907/friend-pyinstaller-work-v2","16","188629441"
"build/takeover_20260907/friend-pyinstaller-work-v3","16","188641515"
"build/takeover_20260907/friend-pyinstaller-work-v4","16","188647059"
"build/takeover_20260907/friend-pyinstaller-work-v5","16","188658157"
"build/takeover_20260907/friend-pyinstaller-work-v6","16","188658157"
"build/takeover_20260907/pyinstaller-work","16","24173928"
"build/takeover_20260907/pyinstaller-work-v2","16","24176065"
"build/takeover_20260907/r2-coverage-fix-package-v2/异环拍卖助手/_internal","565","270913078"
"build/takeover_20260907/r2-coverage-fix-package-v2/异环拍卖助手/异环拍卖助手.exe","1","7237130"
"build/takeover_20260907/r2-coverage-fix-package-v3/异环拍卖助手/_internal","565","270913078"
"build/takeover_20260907/r2-coverage-fix-package-v3/异环拍卖助手/异环拍卖助手.exe","1","7237154"
"build/takeover_20260907/r2-coverage-fix-package-v4/异环拍卖助手/_internal","565","270913078"
"build/takeover_20260907/r2-coverage-fix-package-v4/异环拍卖助手/异环拍卖助手.exe","1","7237133"
"build/takeover_20260907/r2-coverage-fix-package/异环拍卖助手/_internal","565","270913078"
"build/takeover_20260907/r2-coverage-fix-package/异环拍卖助手/异环拍卖助手.exe","1","7236807"
"build/takeover_20260907/r2-coverage-fix-pyinstaller-work","16","24177851"
"build/takeover_20260907/r2-coverage-fix-pyinstaller-work-v2","16","24178719"
"build/takeover_20260907/r2-coverage-fix-pyinstaller-work-v3","16","24178785"
"build/takeover_20260907/r2-coverage-fix-pyinstaller-work-v4","16","24178727"
"build/takeover_20260907/r2-live-chain-package-v5/异环拍卖助手/_internal","565","270921493"
"build/takeover_20260907/r2-live-chain-package-v5/异环拍卖助手/异环拍卖助手.exe","1","7237889"
"build/takeover_20260907/r2-live-chain-pyinstaller-work-v5","16","24180599"
"build/takeover_20260907/realtime-recovery-evidence/packaged-r2-direct-probe-package/异环拍卖助手/_internal","565","270913138"
"build/takeover_20260907/realtime-recovery-evidence/packaged-r2-direct-probe-package/异环拍卖助手/异环拍卖助手.exe","1","7236807"
"build/takeover_20260907/realtime-recovery-evidence/packaged-r2-display-check-package-v2/异环拍卖助手/_internal","565","270913138"
"build/takeover_20260907/realtime-recovery-evidence/packaged-r2-display-check-package-v2/异环拍卖助手/异环拍卖助手.exe","1","7237130"
"build/takeover_20260907/realtime-recovery-evidence/packaged-r2-display-check-package-v3/异环拍卖助手/_internal","565","270913138"
"build/takeover_20260907/realtime-recovery-evidence/packaged-r2-display-check-package-v3/异环拍卖助手/异环拍卖助手.exe","1","7237154"
"build/takeover_20260907/realtime-recovery-evidence/packaged-r2-display-check-package-v4-aligned-v11/异环拍卖助手/_internal","565","270913138"
"build/takeover_20260907/realtime-recovery-evidence/packaged-r2-display-check-package-v4-aligned-v11/异环拍卖助手/异环拍卖助手.exe","1","7237133"
"build/takeover_20260907/realtime-recovery-evidence/packaged-r2-display-check-package-v4/异环拍卖助手/_internal","565","270913138"
"build/takeover_20260907/realtime-recovery-evidence/packaged-r2-display-check-package-v4/异环拍卖助手/异环拍卖助手.exe","1","7237133"
"build/takeover_20260907/realtime-recovery-evidence/packaged-r2-display-check-package/异环拍卖助手/_internal","565","270913138"
"build/takeover_20260907/realtime-recovery-evidence/packaged-r2-display-check-package/异环拍卖助手/异环拍卖助手.exe","1","7236807"
"build/takeover_20260907/realtime-recovery-evidence/packaged-r2-live-chain-test-v5/异环拍卖助手/_internal","565","270921553"
"build/takeover_20260907/realtime-recovery-evidence/packaged-r2-live-chain-test-v5/异环拍卖助手/异环拍卖助手.exe","1","7237889"
"build/takeover_20260907/realtime-recovery-evidence/packaged-valid-webview-v2-package/异环拍卖助手/_internal","565","270913138"
"build/takeover_20260907/realtime-recovery-evidence/packaged-valid-webview-v2-package/异环拍卖助手/异环拍卖助手.exe","1","7236185"
"build/takeover_20260907/realtime-recovery-package-v2/异环拍卖助手/_internal","565","270913078"
"build/takeover_20260907/realtime-recovery-package-v2/异环拍卖助手/异环拍卖助手.exe","1","7236185"
"build/takeover_20260907/realtime-recovery-package/异环拍卖助手/_internal","565","270913078"
"build/takeover_20260907/realtime-recovery-package/异环拍卖助手/异环拍卖助手.exe","1","7235353"
"build/takeover_20260907/realtime-recovery-smoke/异环拍卖助手/_internal","565","270913078"
"build/takeover_20260907/realtime-recovery-smoke/异环拍卖助手/异环拍卖助手.exe","1","7235353"
"build/wv2_analysis_bench","181","45584004"
"build/wv2_bench_12344_ExpA_StandardUser","135","9141696"
"build/wv2_bench_37700_ExpA_Admin","142","3111340"
"build/wv2_bench_46452_ExpA_Standard","135","4910458"
"build/wv2_bench_47912_ExpB2_DpiOff","111","2933993"
"build/wv2_bench_5216_ExpB1_DpiOn","135","3144536"
"build/wv2_bench_comp_12344_ExpA_StandardUser","135","4910458"
"build/wv2_bench_comp_37700_ExpA_Admin","117","2934483"
"build/wv2_bench_comp_46452_ExpA_Standard","145","3719340"
"build/wv2_bench_comp_47912_ExpB2_DpiOff","132","3115849"
"build/wv2_bench_comp_5216_ExpB1_DpiOn","119","2923324"
"build/wv2_bench_data","206","8941005"
"build/wv2_comp_integ","149","9964801"
"build/wv2_comp_prototype","149","9964871"
"build/wv2_comp_test","170","4619000"
"build/wv2_data","172","3115890"
"build/wv2_data_args","162","3687631"
"build/wv2_data_comp","147","3111589"
"build/wv2_data_explicit","126","3094119"
"build/wv2_data_native","144","3111219"
"build/wv2_data_nodpi","117","3507845"
"build/wv2_history_bench","156","13080935"
"build/wv2_match_bench","186","9124146"
"build/wv2_overlay_bench","195","46397113"
"build/wv2_overview_bench","187","46047256"
"build/wv2_p0_test","301","72802172"
"build/wv2_profiler_data","195","8859763"
"build/wv2_visual_test","192","8857544"
"core/__pycache__","139","2413520"
"dist/cut5_truthful_main/异环拍卖助手/_internal","352","241345407"
"dist/cut5_truthful_main/异环拍卖助手/异环拍卖助手.exe","1","7544333"
"dist/cut6_unpinned_fix/异环拍卖助手/_internal","352","241345407"
"dist/cut6_unpinned_fix/异环拍卖助手/异环拍卖助手.exe","1","7544315"
"dist/cut7_resize_fix/异环拍卖助手/_internal","352","241345407"
"dist/cut7_resize_fix/异环拍卖助手/异环拍卖助手.exe","1","7544474"
"dist/cut8_owner_detach/异环拍卖助手/_internal","352","241345407"
"dist/cut8_owner_detach/异环拍卖助手/异环拍卖助手.exe","1","7544233"
"dist/main_view_state_v1/异环拍卖助手/_internal","345","275152744"
"dist/main_view_state_v1/异环拍卖助手/异环拍卖助手.exe","1","7401880"
"dist/uat_4ae5fbb/异环拍卖助手/_internal","508","256339825"
"dist/uat_4ae5fbb/异环拍卖助手/异环拍卖助手.exe","1","7615569"
"experiments/__pycache__","2","683"
"experiments/shadow_distribution_v1/__pycache__","2","52679"
"experiments/upper_tail_truth_support_capture_v1/__pycache__","9","74326"
"experiments/vision_benchmark_v1/__pycache__","1","18556"
"experiments/vision_benchmark_v1/tests/__pycache__","1","4576"
"experiments/vision_benchmark_v2/__pycache__","5","74192"
"experiments/vision_benchmark_v2/tests/__pycache__","5","44393"
"scripts/__pycache__","1","7479"
"tests/__pycache__","217","2119025"
"tests/harness/__pycache__","2","6084"
"tools/__pycache__","10","93882"
